2015-9-18 05:17:22.232, init, ExecTime_60 [sec] DataPeriod_1000 [ms] DataType_Mount DataN_18300000  
2015-9-18 05:17:22.236, init, Server: N_1 Host_[localhost:2809]
2015-9-18 05:17:22.236, init, UserAgentN_10 Wait[ms]: Agent_100
2015-9-18 05:17:22.236, init, MsgQueueN_10 MaxMQLength_100 WindowSize_100 Wait[ms]: Queue_100 
2015-9-18 05:17:24.002, start, Start Agent System
2015-9-18 05:17:24.003, field, MQ LimitEvent, MQName, EventMessage
2015-9-18 05:17:38.023, data, MQName_,RMQ1, : ########## 負荷検知 ########## 
2015-9-18 05:17:40.028, data, MQName_,RMQ8, : ########## 負荷検知 ########## 
2015-9-18 05:17:40.035, data, MQName_,RMQ9, : ########## 負荷検知 ########## 
2015-9-18 05:17:43.040, data, MQName_,RMQ3, : ########## 負荷検知 ########## 
2015-9-18 05:17:43.073, data, MQName_,RMQ4, : ########## 負荷検知 ########## 
2015-9-18 05:17:43.130, data, MQName_,RMQ5, : ########## 負荷検知 ########## 
2015-9-18 05:17:43.131, data, MQName_,RMQ5, : ########## 負荷検知 ########## 
2015-9-18 05:17:43.133, data, MQName_,RMQ5, : ########## 負荷検知 ########## 
2015-9-18 05:17:43.135, data, MQName_,RMQ5, : ########## 負荷検知 ########## 
2015-9-18 05:17:43.137, data, MQName_,RMQ5, : ########## 負荷検知 ########## 
2015-9-18 05:17:43.139, data, MQName_,RMQ5, : ########## 負荷検知 ########## 
2015-9-18 05:17:43.141, data, MQName_,RMQ5, : ########## 負荷検知 ########## 
2015-9-18 05:17:43.143, data, MQName_,RMQ5, : ########## 負荷検知 ########## 
2015-9-18 05:17:43.145, data, MQName_,RMQ5, : ########## 負荷検知 ########## 
2015-9-18 05:17:44.014, data, MQName_,RMQ8, : ########## 負荷検知 ########## 
2015-9-18 05:17:45.020, data, MQName_,RMQ0, : ########## 負荷検知 ########## 
2015-9-18 05:17:46.020, data, MQName_,RMQ3, : ########## 負荷検知 ########## 
2015-9-18 05:17:46.044, data, MQName_,RMQ0, : ########## 負荷検知 ########## 
2015-9-18 05:17:46.055, data, MQName_,RMQ4, : ########## 負荷検知 ########## 
2015-9-18 05:17:46.084, data, MQName_,RMQ4, : ########## 負荷検知 ########## 
2015-9-18 05:17:46.087, data, MQName_,RMQ4, : ########## 負荷検知 ########## 
2015-9-18 05:17:46.089, data, MQName_,RMQ4, : ########## 負荷検知 ########## 
2015-9-18 05:17:46.091, data, MQName_,RMQ4, : ########## 負荷検知 ########## 
2015-9-18 05:17:46.093, data, MQName_,RMQ4, : ########## 負荷検知 ########## 
2015-9-18 05:17:46.095, data, MQName_,RMQ4, : ########## 負荷検知 ########## 
2015-9-18 05:17:46.098, data, MQName_,RMQ4, : ########## 負荷検知 ########## 
2015-9-18 05:17:46.099, data, MQName_,RMQ4, : ########## 負荷検知 ########## 
2015-9-18 05:17:46.101, data, MQName_,RMQ4, : ########## 負荷検知 ########## 
2015-9-18 05:17:46.102, data, MQName_,RMQ4, : ########## 負荷検知 ########## 
2015-9-18 05:17:46.103, data, MQName_,RMQ4, : ########## 負荷検知 ########## 
2015-9-18 05:17:46.105, data, MQName_,RMQ4, : ########## 負荷検知 ########## 
2015-9-18 05:17:46.106, data, MQName_,RMQ4, : ########## 負荷検知 ########## 
2015-9-18 05:17:46.107, data, MQName_,RMQ4, : ########## 負荷検知 ########## 
2015-9-18 05:17:47.025, data, MQName_,RMQ6, : ########## 負荷検知 ########## 
2015-9-18 05:17:47.038, data, MQName_,RMQ4, : ########## 負荷検知 ########## 
2015-9-18 05:17:48.013, data, MQName_,RMQ4, : ########## 負荷検知 ########## 
2015-9-18 05:17:48.027, data, MQName_,RMQ1, : ########## 負荷検知 ########## 
2015-9-18 05:17:49.014, data, MQName_,RMQ2, : ########## 負荷検知 ########## 
2015-9-18 05:17:49.034, data, MQName_,RMQ1, : ########## 負荷検知 ########## 
2015-9-18 05:17:49.038, data, MQName_,RMQ3, : ########## 負荷検知 ########## 
2015-9-18 05:17:49.046, data, MQName_,RMQ5, : ########## 負荷検知 ########## 
2015-9-18 05:17:49.047, data, MQName_,RMQ5, : ########## 負荷検知 ########## 
2015-9-18 05:17:49.054, data, MQName_,RMQ6, : ########## 負荷検知 ########## 
2015-9-18 05:17:49.065, data, MQName_,RMQ5, : ########## 負荷検知 ########## 
2015-9-18 05:17:49.066, data, MQName_,RMQ5, : ########## 負荷検知 ########## 
2015-9-18 05:17:49.068, data, MQName_,RMQ5, : ########## 負荷検知 ########## 
2015-9-18 05:17:49.069, data, MQName_,RMQ5, : ########## 負荷検知 ########## 
2015-9-18 05:17:49.070, data, MQName_,RMQ5, : ########## 負荷検知 ########## 
2015-9-18 05:17:49.071, data, MQName_,RMQ5, : ########## 負荷検知 ########## 
2015-9-18 05:17:49.072, data, MQName_,RMQ5, : ########## 負荷検知 ########## 
2015-9-18 05:17:49.082, data, MQName_,RMQ5, : ########## 負荷検知 ########## 
2015-9-18 05:17:49.123, data, MQName_,RMQ5, : ########## 負荷検知 ########## 
2015-9-18 05:17:49.125, data, MQName_,RMQ5, : ########## 負荷検知 ########## 
2015-9-18 05:17:49.127, data, MQName_,RMQ5, : ########## 負荷検知 ########## 
2015-9-18 05:17:49.129, data, MQName_,RMQ5, : ########## 負荷検知 ########## 
2015-9-18 05:17:49.131, data, MQName_,RMQ5, : ########## 負荷検知 ########## 
2015-9-18 05:17:49.133, data, MQName_,RMQ5, : ########## 負荷検知 ########## 
2015-9-18 05:17:49.135, data, MQName_,RMQ5, : ########## 負荷検知 ########## 
2015-9-18 05:17:49.136, data, MQName_,RMQ5, : ########## 負荷検知 ########## 
2015-9-18 05:17:49.138, data, MQName_,RMQ5, : ########## 負荷検知 ########## 
2015-9-18 05:17:49.140, data, MQName_,RMQ5, : ########## 負荷検知 ########## 
2015-9-18 05:17:49.141, data, MQName_,RMQ5, : ########## 負荷検知 ########## 
2015-9-18 05:17:49.143, data, MQName_,RMQ5, : ########## 負荷検知 ########## 
2015-9-18 05:17:49.145, data, MQName_,RMQ5, : ########## 負荷検知 ########## 
2015-9-18 05:17:49.151, data, MQName_,RMQ6, : ########## 負荷検知 ########## 
2015-9-18 05:17:50.043, data, MQName_,RMQ6, : ########## 負荷検知 ########## 
2015-9-18 05:17:51.024, data, MQName_,RMQ3, : ########## 負荷検知 ########## 
2015-9-18 05:17:51.055, data, MQName_,RMQ3, : ########## 負荷検知 ########## 
2015-9-18 05:17:51.096, data, MQName_,RMQ3, : ########## 負荷検知 ########## 
2015-9-18 05:17:51.133, data, MQName_,RMQ3, : ########## 負荷検知 ########## 
2015-9-18 05:17:51.135, data, MQName_,RMQ3, : ########## 負荷検知 ########## 
2015-9-18 05:17:51.137, data, MQName_,RMQ3, : ########## 負荷検知 ########## 
2015-9-18 05:17:51.137, data, MQName_,RMQ3, : ########## 負荷検知 ########## 
2015-9-18 05:17:51.139, data, MQName_,RMQ3, : ########## 負荷検知 ########## 
2015-9-18 05:17:51.140, data, MQName_,RMQ3, : ########## 負荷検知 ########## 
2015-9-18 05:17:51.142, data, MQName_,RMQ3, : ########## 負荷検知 ########## 
2015-9-18 05:17:51.143, data, MQName_,RMQ3, : ########## 負荷検知 ########## 
2015-9-18 05:17:51.145, data, MQName_,RMQ3, : ########## 負荷検知 ########## 
2015-9-18 05:17:51.151, data, MQName_,RMQ6, : ########## 負荷検知 ########## 
2015-9-18 05:17:52.023, data, MQName_,RMQ0, : ########## 負荷検知 ########## 
2015-9-18 05:17:52.029, data, MQName_,RMQ8, : ########## 負荷検知 ########## 
2015-9-18 05:17:52.044, data, MQName_,RMQ2, : ########## 負荷検知 ########## 
2015-9-18 05:17:52.068, data, MQName_,RMQ2, : ########## 負荷検知 ########## 
2015-9-18 05:17:52.072, data, MQName_,RMQ2, : ########## 負荷検知 ########## 
2015-9-18 05:17:52.074, data, MQName_,RMQ2, : ########## 負荷検知 ########## 
2015-9-18 05:17:52.075, data, MQName_,RMQ2, : ########## 負荷検知 ########## 
2015-9-18 05:17:52.078, data, MQName_,RMQ2, : ########## 負荷検知 ########## 
2015-9-18 05:17:52.090, data, MQName_,RMQ2, : ########## 負荷検知 ########## 
2015-9-18 05:17:52.092, data, MQName_,RMQ2, : ########## 負荷検知 ########## 
2015-9-18 05:17:52.094, data, MQName_,RMQ2, : ########## 負荷検知 ########## 
2015-9-18 05:17:52.096, data, MQName_,RMQ2, : ########## 負荷検知 ########## 
2015-9-18 05:17:52.098, data, MQName_,RMQ2, : ########## 負荷検知 ########## 
2015-9-18 05:17:52.100, data, MQName_,RMQ2, : ########## 負荷検知 ########## 
2015-9-18 05:17:52.102, data, MQName_,RMQ2, : ########## 負荷検知 ########## 
2015-9-18 05:17:52.105, data, MQName_,RMQ2, : ########## 負荷検知 ########## 
2015-9-18 05:17:52.107, data, MQName_,RMQ2, : ########## 負荷検知 ########## 
2015-9-18 05:17:52.109, data, MQName_,RMQ2, : ########## 負荷検知 ########## 
2015-9-18 05:17:52.110, data, MQName_,RMQ2, : ########## 負荷検知 ########## 
2015-9-18 05:17:52.112, data, MQName_,RMQ2, : ########## 負荷検知 ########## 
2015-9-18 05:17:52.114, data, MQName_,RMQ2, : ########## 負荷検知 ########## 
2015-9-18 05:17:52.116, data, MQName_,RMQ2, : ########## 負荷検知 ########## 
2015-9-18 05:17:52.118, data, MQName_,RMQ2, : ########## 負荷検知 ########## 
2015-9-18 05:17:52.119, data, MQName_,RMQ2, : ########## 負荷検知 ########## 
2015-9-18 05:17:52.121, data, MQName_,RMQ2, : ########## 負荷検知 ########## 
2015-9-18 05:17:52.137, data, MQName_,RMQ2, : ########## 負荷検知 ########## 
2015-9-18 05:17:52.139, data, MQName_,RMQ2, : ########## 負荷検知 ########## 
2015-9-18 05:17:52.141, data, MQName_,RMQ2, : ########## 負荷検知 ########## 
2015-9-18 05:17:52.143, data, MQName_,RMQ2, : ########## 負荷検知 ########## 
2015-9-18 05:17:52.146, data, MQName_,RMQ2, : ########## 負荷検知 ########## 
2015-9-18 05:17:52.149, data, MQName_,RMQ2, : ########## 負荷検知 ########## 
2015-9-18 05:17:53.015, data, MQName_,RMQ6, : ########## 負荷検知 ########## 
2015-9-18 05:17:53.045, data, MQName_,RMQ6, : ########## 負荷検知 ########## 
2015-9-18 05:17:53.049, data, MQName_,RMQ6, : ########## 負荷検知 ########## 
2015-9-18 05:17:53.052, data, MQName_,RMQ6, : ########## 負荷検知 ########## 
2015-9-18 05:17:53.054, data, MQName_,RMQ6, : ########## 負荷検知 ########## 
2015-9-18 05:17:53.055, data, MQName_,RMQ6, : ########## 負荷検知 ########## 
2015-9-18 05:17:53.057, data, MQName_,RMQ6, : ########## 負荷検知 ########## 
2015-9-18 05:17:53.061, data, MQName_,RMQ6, : ########## 負荷検知 ########## 
2015-9-18 05:17:53.073, data, MQName_,RMQ6, : ########## 負荷検知 ########## 
2015-9-18 05:17:53.076, data, MQName_,RMQ6, : ########## 負荷検知 ########## 
2015-9-18 05:17:53.077, data, MQName_,RMQ6, : ########## 負荷検知 ########## 
2015-9-18 05:17:53.079, data, MQName_,RMQ6, : ########## 負荷検知 ########## 
2015-9-18 05:17:53.081, data, MQName_,RMQ6, : ########## 負荷検知 ########## 
2015-9-18 05:17:53.082, data, MQName_,RMQ6, : ########## 負荷検知 ########## 
2015-9-18 05:17:53.084, data, MQName_,RMQ6, : ########## 負荷検知 ########## 
2015-9-18 05:17:53.086, data, MQName_,RMQ6, : ########## 負荷検知 ########## 
2015-9-18 05:17:53.088, data, MQName_,RMQ6, : ########## 負荷検知 ########## 
2015-9-18 05:17:53.089, data, MQName_,RMQ4, : ########## 負荷検知 ########## 
2015-9-18 05:17:53.101, data, MQName_,RMQ4, : ########## 負荷検知 ########## 
2015-9-18 05:17:53.104, data, MQName_,RMQ4, : ########## 負荷検知 ########## 
2015-9-18 05:17:53.106, data, MQName_,RMQ4, : ########## 負荷検知 ########## 
2015-9-18 05:17:53.108, data, MQName_,RMQ4, : ########## 負荷検知 ########## 
2015-9-18 05:17:53.109, data, MQName_,RMQ4, : ########## 負荷検知 ########## 
2015-9-18 05:17:53.111, data, MQName_,RMQ4, : ########## 負荷検知 ########## 
2015-9-18 05:17:53.114, data, MQName_,RMQ4, : ########## 負荷検知 ########## 
2015-9-18 05:17:53.115, data, MQName_,RMQ4, : ########## 負荷検知 ########## 
2015-9-18 05:17:53.117, data, MQName_,RMQ4, : ########## 負荷検知 ########## 
2015-9-18 05:17:53.122, data, MQName_,RMQ4, : ########## 負荷検知 ########## 
2015-9-18 05:17:53.124, data, MQName_,RMQ4, : ########## 負荷検知 ########## 
2015-9-18 05:17:53.126, data, MQName_,RMQ4, : ########## 負荷検知 ########## 
2015-9-18 05:17:53.129, data, MQName_,RMQ4, : ########## 負荷検知 ########## 
2015-9-18 05:17:53.131, data, MQName_,RMQ4, : ########## 負荷検知 ########## 
2015-9-18 05:17:53.134, data, MQName_,RMQ4, : ########## 負荷検知 ########## 
2015-9-18 05:17:53.137, data, MQName_,RMQ4, : ########## 負荷検知 ########## 
2015-9-18 05:17:53.139, data, MQName_,RMQ4, : ########## 負荷検知 ########## 
2015-9-18 05:17:53.142, data, MQName_,RMQ4, : ########## 負荷検知 ########## 
2015-9-18 05:17:53.144, data, MQName_,RMQ4, : ########## 負荷検知 ########## 
2015-9-18 05:17:54.014, data, MQName_,RMQ9, : ########## 負荷検知 ########## 
2015-9-18 05:17:54.069, data, MQName_,RMQ9, : ########## 負荷検知 ########## 
2015-9-18 05:17:54.130, data, MQName_,RMQ4, : ########## 負荷検知 ########## 
2015-9-18 05:17:55.019, data, MQName_,RMQ7, : ########## 負荷検知 ########## 
2015-9-18 05:17:55.026, data, MQName_,RMQ7, : ########## 負荷検知 ########## 
2015-9-18 05:17:55.053, data, MQName_,RMQ0, : ########## 負荷検知 ########## 
2015-9-18 05:17:55.076, data, MQName_,RMQ0, : ########## 負荷検知 ########## 
2015-9-18 05:17:55.088, data, MQName_,RMQ0, : ########## 負荷検知 ########## 
2015-9-18 05:17:55.090, data, MQName_,RMQ8, : ########## 負荷検知 ########## 
2015-9-18 05:17:56.013, data, MQName_,RMQ0, : ########## 負荷検知 ########## 
2015-9-18 05:17:56.026, data, MQName_,RMQ4, : ########## 負荷検知 ########## 
2015-9-18 05:17:56.050, data, MQName_,RMQ5, : ########## 負荷検知 ########## 
2015-9-18 05:17:57.013, data, MQName_,RMQ1, : ########## 負荷検知 ########## 
2015-9-18 05:17:57.022, data, MQName_,RMQ9, : ########## 負荷検知 ########## 
2015-9-18 05:17:57.050, data, MQName_,RMQ7, : ########## 負荷検知 ########## 
2015-9-18 05:17:57.052, data, MQName_,RMQ7, : ########## 負荷検知 ########## 
2015-9-18 05:17:57.054, data, MQName_,RMQ7, : ########## 負荷検知 ########## 
2015-9-18 05:17:57.058, data, MQName_,RMQ7, : ########## 負荷検知 ########## 
2015-9-18 05:17:57.060, data, MQName_,RMQ7, : ########## 負荷検知 ########## 
2015-9-18 05:17:57.062, data, MQName_,RMQ2, : ########## 負荷検知 ########## 
2015-9-18 05:17:57.094, data, MQName_,RMQ3, : ########## 負荷検知 ########## 
2015-9-18 05:17:57.165, data, MQName_,RMQ1, : ########## 負荷検知 ########## 
2015-9-18 05:17:57.183, data, MQName_,RMQ3, : ########## 負荷検知 ########## 
2015-9-18 05:17:58.014, data, MQName_,RMQ2, : ########## 負荷検知 ########## 
2015-9-18 05:17:58.016, data, MQName_,RMQ7, : ########## 負荷検知 ########## 
2015-9-18 05:17:58.046, data, MQName_,RMQ3, : ########## 負荷検知 ########## 
2015-9-18 05:17:58.154, data, MQName_,RMQ5, : ########## 負荷検知 ########## 
2015-9-18 05:17:58.157, data, MQName_,RMQ8, : ########## 負荷検知 ########## 
2015-9-18 05:17:59.014, data, MQName_,RMQ2, : ########## 負荷検知 ########## 
2015-9-18 05:17:59.038, data, MQName_,RMQ7, : ########## 負荷検知 ########## 
2015-9-18 05:17:59.045, data, MQName_,RMQ0, : ########## 負荷検知 ########## 
2015-9-18 05:17:59.050, data, MQName_,RMQ2, : ########## 負荷検知 ########## 
2015-9-18 05:17:59.053, data, MQName_,RMQ2, : ########## 負荷検知 ########## 
2015-9-18 05:17:59.057, data, MQName_,RMQ3, : ########## 負荷検知 ########## 
2015-9-18 05:17:59.063, data, MQName_,RMQ3, : ########## 負荷検知 ########## 
2015-9-18 05:17:59.065, data, MQName_,RMQ3, : ########## 負荷検知 ########## 
2015-9-18 05:17:59.066, data, MQName_,RMQ3, : ########## 負荷検知 ########## 
2015-9-18 05:17:59.067, data, MQName_,RMQ3, : ########## 負荷検知 ########## 
2015-9-18 05:17:59.068, data, MQName_,RMQ3, : ########## 負荷検知 ########## 
2015-9-18 05:17:59.069, data, MQName_,RMQ3, : ########## 負荷検知 ########## 
2015-9-18 05:17:59.070, data, MQName_,RMQ3, : ########## 負荷検知 ########## 
2015-9-18 05:17:59.072, data, MQName_,RMQ3, : ########## 負荷検知 ########## 
2015-9-18 05:17:59.073, data, MQName_,RMQ3, : ########## 負荷検知 ########## 
2015-9-18 05:17:59.075, data, MQName_,RMQ3, : ########## 負荷検知 ########## 
2015-9-18 05:17:59.077, data, MQName_,RMQ3, : ########## 負荷検知 ########## 
2015-9-18 05:17:59.089, data, MQName_,RMQ3, : ########## 負荷検知 ########## 
2015-9-18 05:17:59.090, data, MQName_,RMQ3, : ########## 負荷検知 ########## 
2015-9-18 05:17:59.091, data, MQName_,RMQ3, : ########## 負荷検知 ########## 
2015-9-18 05:17:59.092, data, MQName_,RMQ3, : ########## 負荷検知 ########## 
2015-9-18 05:17:59.093, data, MQName_,RMQ3, : ########## 負荷検知 ########## 
2015-9-18 05:17:59.095, data, MQName_,RMQ3, : ########## 負荷検知 ########## 
2015-9-18 05:17:59.096, data, MQName_,RMQ3, : ########## 負荷検知 ########## 
2015-9-18 05:17:59.098, data, MQName_,RMQ3, : ########## 負荷検知 ########## 
2015-9-18 05:17:59.099, data, MQName_,RMQ3, : ########## 負荷検知 ########## 
2015-9-18 05:17:59.101, data, MQName_,RMQ3, : ########## 負荷検知 ########## 
2015-9-18 05:17:59.113, data, MQName_,RMQ3, : ########## 負荷検知 ########## 
2015-9-18 05:17:59.114, data, MQName_,RMQ3, : ########## 負荷検知 ########## 
2015-9-18 05:17:59.115, data, MQName_,RMQ3, : ########## 負荷検知 ########## 
2015-9-18 05:17:59.116, data, MQName_,RMQ3, : ########## 負荷検知 ########## 
2015-9-18 05:17:59.117, data, MQName_,RMQ3, : ########## 負荷検知 ########## 
2015-9-18 05:17:59.119, data, MQName_,RMQ3, : ########## 負荷検知 ########## 
2015-9-18 05:17:59.121, data, MQName_,RMQ3, : ########## 負荷検知 ########## 
2015-9-18 05:17:59.122, data, MQName_,RMQ3, : ########## 負荷検知 ########## 
2015-9-18 05:17:59.123, data, MQName_,RMQ3, : ########## 負荷検知 ########## 
2015-9-18 05:17:59.124, data, MQName_,RMQ3, : ########## 負荷検知 ########## 
2015-9-18 05:17:59.126, data, MQName_,RMQ3, : ########## 負荷検知 ########## 
2015-9-18 05:17:59.138, data, MQName_,RMQ3, : ########## 負荷検知 ########## 
2015-9-18 05:17:59.139, data, MQName_,RMQ3, : ########## 負荷検知 ########## 
2015-9-18 05:17:59.140, data, MQName_,RMQ3, : ########## 負荷検知 ########## 
2015-9-18 05:17:59.141, data, MQName_,RMQ3, : ########## 負荷検知 ########## 
2015-9-18 05:17:59.143, data, MQName_,RMQ3, : ########## 負荷検知 ########## 
2015-9-18 05:17:59.144, data, MQName_,RMQ3, : ########## 負荷検知 ########## 
2015-9-18 05:17:59.145, data, MQName_,RMQ3, : ########## 負荷検知 ########## 
2015-9-18 05:17:59.146, data, MQName_,RMQ3, : ########## 負荷検知 ########## 
2015-9-18 05:17:59.147, data, MQName_,RMQ3, : ########## 負荷検知 ########## 
2015-9-18 05:17:59.156, data, MQName_,RMQ3, : ########## 負荷検知 ########## 
2015-9-18 05:18:00.048, data, MQName_,RMQ7, : ########## 負荷検知 ########## 
2015-9-18 05:18:00.055, data, MQName_,RMQ8, : ########## 負荷検知 ########## 
2015-9-18 05:18:00.058, data, MQName_,RMQ0, : ########## 負荷検知 ########## 
2015-9-18 05:18:00.097, data, MQName_,RMQ0, : ########## 負荷検知 ########## 
2015-9-18 05:18:00.099, data, MQName_,RMQ0, : ########## 負荷検知 ########## 
2015-9-18 05:18:00.101, data, MQName_,RMQ0, : ########## 負荷検知 ########## 
2015-9-18 05:18:00.102, data, MQName_,RMQ0, : ########## 負荷検知 ########## 
2015-9-18 05:18:00.104, data, MQName_,RMQ0, : ########## 負荷検知 ########## 
2015-9-18 05:18:00.106, data, MQName_,RMQ0, : ########## 負荷検知 ########## 
2015-9-18 05:18:00.108, data, MQName_,RMQ0, : ########## 負荷検知 ########## 
2015-9-18 05:18:00.110, data, MQName_,RMQ0, : ########## 負荷検知 ########## 
2015-9-18 05:18:00.111, data, MQName_,RMQ0, : ########## 負荷検知 ########## 
2015-9-18 05:18:00.113, data, MQName_,RMQ0, : ########## 負荷検知 ########## 
2015-9-18 05:18:00.114, data, MQName_,RMQ0, : ########## 負荷検知 ########## 
2015-9-18 05:18:00.115, data, MQName_,RMQ0, : ########## 負荷検知 ########## 
2015-9-18 05:18:00.116, data, MQName_,RMQ0, : ########## 負荷検知 ########## 
2015-9-18 05:18:00.117, data, MQName_,RMQ0, : ########## 負荷検知 ########## 
2015-9-18 05:18:00.119, data, MQName_,RMQ0, : ########## 負荷検知 ########## 
2015-9-18 05:18:00.120, data, MQName_,RMQ0, : ########## 負荷検知 ########## 
2015-9-18 05:18:00.121, data, MQName_,RMQ0, : ########## 負荷検知 ########## 
2015-9-18 05:18:00.122, data, MQName_,RMQ0, : ########## 負荷検知 ########## 
2015-9-18 05:18:00.123, data, MQName_,RMQ0, : ########## 負荷検知 ########## 
2015-9-18 05:18:00.125, data, MQName_,RMQ0, : ########## 負荷検知 ########## 
2015-9-18 05:18:00.126, data, MQName_,RMQ0, : ########## 負荷検知 ########## 
2015-9-18 05:18:00.127, data, MQName_,RMQ0, : ########## 負荷検知 ########## 
2015-9-18 05:18:00.128, data, MQName_,RMQ0, : ########## 負荷検知 ########## 
2015-9-18 05:18:00.129, data, MQName_,RMQ0, : ########## 負荷検知 ########## 
2015-9-18 05:18:00.131, data, MQName_,RMQ0, : ########## 負荷検知 ########## 
2015-9-18 05:18:00.132, data, MQName_,RMQ0, : ########## 負荷検知 ########## 
2015-9-18 05:18:00.133, data, MQName_,RMQ0, : ########## 負荷検知 ########## 
2015-9-18 05:18:00.134, data, MQName_,RMQ0, : ########## 負荷検知 ########## 
2015-9-18 05:18:00.135, data, MQName_,RMQ0, : ########## 負荷検知 ########## 
2015-9-18 05:18:00.137, data, MQName_,RMQ0, : ########## 負荷検知 ########## 
2015-9-18 05:18:00.138, data, MQName_,RMQ0, : ########## 負荷検知 ########## 
2015-9-18 05:18:00.158, data, MQName_,RMQ6, : ########## 負荷検知 ########## 
2015-9-18 05:18:00.163, data, MQName_,RMQ3, : ########## 負荷検知 ########## 
2015-9-18 05:18:00.166, data, MQName_,RMQ0, : ########## 負荷検知 ########## 
2015-9-18 05:18:01.025, data, MQName_,RMQ0, : ########## 負荷検知 ########## 
2015-9-18 05:18:01.047, data, MQName_,RMQ0, : ########## 負荷検知 ########## 
2015-9-18 05:18:01.050, data, MQName_,RMQ0, : ########## 負荷検知 ########## 
2015-9-18 05:18:01.051, data, MQName_,RMQ0, : ########## 負荷検知 ########## 
2015-9-18 05:18:01.053, data, MQName_,RMQ0, : ########## 負荷検知 ########## 
2015-9-18 05:18:01.055, data, MQName_,RMQ0, : ########## 負荷検知 ########## 
2015-9-18 05:18:01.066, data, MQName_,RMQ0, : ########## 負荷検知 ########## 
2015-9-18 05:18:01.068, data, MQName_,RMQ4, : ########## 負荷検知 ########## 
2015-9-18 05:18:01.134, data, MQName_,RMQ4, : ########## 負荷検知 ########## 
2015-9-18 05:18:01.135, data, MQName_,RMQ4, : ########## 負荷検知 ########## 
2015-9-18 05:18:01.143, data, MQName_,RMQ4, : ########## 負荷検知 ########## 
2015-9-18 05:18:01.158, data, MQName_,RMQ6, : ########## 負荷検知 ########## 
2015-9-18 05:18:01.186, data, MQName_,RMQ2, : ########## 負荷検知 ########## 
2015-9-18 05:18:02.029, data, MQName_,RMQ4, : ########## 負荷検知 ########## 
2015-9-18 05:18:02.038, data, MQName_,RMQ5, : ########## 負荷検知 ########## 
2015-9-18 05:18:02.105, data, MQName_,RMQ6, : ########## 負荷検知 ########## 
2015-9-18 05:18:02.149, data, MQName_,RMQ2, : ########## 負荷検知 ########## 
2015-9-18 05:18:02.155, data, MQName_,RMQ2, : ########## 負荷検知 ########## 
2015-9-18 05:18:03.019, data, MQName_,RMQ6, : ########## 負荷検知 ########## 
2015-9-18 05:18:03.071, data, MQName_,RMQ2, : ########## 負荷検知 ########## 
2015-9-18 05:18:03.151, data, MQName_,RMQ9, : ########## 負荷検知 ########## 
2015-9-18 05:18:03.155, data, MQName_,RMQ3, : ########## 負荷検知 ########## 
2015-9-18 05:18:03.181, data, MQName_,RMQ2, : ########## 負荷検知 ########## 
2015-9-18 05:18:04.037, data, MQName_,RMQ5, : ########## 負荷検知 ########## 
2015-9-18 05:18:04.042, data, MQName_,RMQ0, : ########## 負荷検知 ########## 
2015-9-18 05:18:04.047, data, MQName_,RMQ6, : ########## 負荷検知 ########## 
2015-9-18 05:18:04.052, data, MQName_,RMQ6, : ########## 負荷検知 ########## 
2015-9-18 05:18:04.065, data, MQName_,RMQ6, : ########## 負荷検知 ########## 
2015-9-18 05:18:04.068, data, MQName_,RMQ4, : ########## 負荷検知 ########## 
2015-9-18 05:18:04.069, data, MQName_,RMQ4, : ########## 負荷検知 ########## 
2015-9-18 05:18:04.070, data, MQName_,RMQ6, : ########## 負荷検知 ########## 
2015-9-18 05:18:04.074, data, MQName_,RMQ6, : ########## 負荷検知 ########## 
2015-9-18 05:18:04.076, data, MQName_,RMQ6, : ########## 負荷検知 ########## 
2015-9-18 05:18:04.088, data, MQName_,RMQ6, : ########## 負荷検知 ########## 
2015-9-18 05:18:04.089, data, MQName_,RMQ6, : ########## 負荷検知 ########## 
2015-9-18 05:18:04.091, data, MQName_,RMQ6, : ########## 負荷検知 ########## 
2015-9-18 05:18:04.093, data, MQName_,RMQ6, : ########## 負荷検知 ########## 
2015-9-18 05:18:04.095, data, MQName_,RMQ6, : ########## 負荷検知 ########## 
2015-9-18 05:18:04.096, data, MQName_,RMQ6, : ########## 負荷検知 ########## 
2015-9-18 05:18:04.098, data, MQName_,RMQ6, : ########## 負荷検知 ########## 
2015-9-18 05:18:04.100, data, MQName_,RMQ6, : ########## 負荷検知 ########## 
2015-9-18 05:18:04.102, data, MQName_,RMQ6, : ########## 負荷検知 ########## 
2015-9-18 05:18:04.113, data, MQName_,RMQ6, : ########## 負荷検知 ########## 
2015-9-18 05:18:04.115, data, MQName_,RMQ6, : ########## 負荷検知 ########## 
2015-9-18 05:18:04.117, data, MQName_,RMQ6, : ########## 負荷検知 ########## 
2015-9-18 05:18:04.118, data, MQName_,RMQ6, : ########## 負荷検知 ########## 
2015-9-18 05:18:04.120, data, MQName_,RMQ6, : ########## 負荷検知 ########## 
2015-9-18 05:18:04.122, data, MQName_,RMQ6, : ########## 負荷検知 ########## 
2015-9-18 05:18:04.123, data, MQName_,RMQ6, : ########## 負荷検知 ########## 
2015-9-18 05:18:04.126, data, MQName_,RMQ6, : ########## 負荷検知 ########## 
2015-9-18 05:18:04.137, data, MQName_,RMQ6, : ########## 負荷検知 ########## 
2015-9-18 05:18:04.138, data, MQName_,RMQ6, : ########## 負荷検知 ########## 
2015-9-18 05:18:04.140, data, MQName_,RMQ6, : ########## 負荷検知 ########## 
2015-9-18 05:18:04.141, data, MQName_,RMQ6, : ########## 負荷検知 ########## 
2015-9-18 05:18:04.142, data, MQName_,RMQ6, : ########## 負荷検知 ########## 
2015-9-18 05:18:04.143, data, MQName_,RMQ6, : ########## 負荷検知 ########## 
2015-9-18 05:18:04.145, data, MQName_,RMQ6, : ########## 負荷検知 ########## 
2015-9-18 05:18:04.154, data, MQName_,RMQ6, : ########## 負荷検知 ########## 
2015-9-18 05:18:04.165, data, MQName_,RMQ2, : ########## 負荷検知 ########## 
2015-9-18 05:18:05.013, data, MQName_,RMQ9, : ########## 負荷検知 ########## 
2015-9-18 05:18:05.033, data, MQName_,RMQ9, : ########## 負荷検知 ########## 
2015-9-18 05:18:05.037, data, MQName_,RMQ3, : ########## 負荷検知 ########## 
2015-9-18 05:18:05.048, data, MQName_,RMQ3, : ########## 負荷検知 ########## 
2015-9-18 05:18:05.051, data, MQName_,RMQ3, : ########## 負荷検知 ########## 
2015-9-18 05:18:05.053, data, MQName_,RMQ3, : ########## 負荷検知 ########## 
2015-9-18 05:18:05.055, data, MQName_,RMQ3, : ########## 負荷検知 ########## 
2015-9-18 05:18:05.057, data, MQName_,RMQ3, : ########## 負荷検知 ########## 
2015-9-18 05:18:05.060, data, MQName_,RMQ3, : ########## 負荷検知 ########## 
2015-9-18 05:18:05.062, data, MQName_,RMQ3, : ########## 負荷検知 ########## 
2015-9-18 05:18:05.064, data, MQName_,RMQ3, : ########## 負荷検知 ########## 
2015-9-18 05:18:05.066, data, MQName_,RMQ3, : ########## 負荷検知 ########## 
2015-9-18 05:18:05.068, data, MQName_,RMQ3, : ########## 負荷検知 ########## 
2015-9-18 05:18:05.070, data, MQName_,RMQ3, : ########## 負荷検知 ########## 
2015-9-18 05:18:05.072, data, MQName_,RMQ3, : ########## 負荷検知 ########## 
2015-9-18 05:18:05.074, data, MQName_,RMQ3, : ########## 負荷検知 ########## 
2015-9-18 05:18:05.076, data, MQName_,RMQ3, : ########## 負荷検知 ########## 
2015-9-18 05:18:05.078, data, MQName_,RMQ3, : ########## 負荷検知 ########## 
2015-9-18 05:18:05.080, data, MQName_,RMQ3, : ########## 負荷検知 ########## 
2015-9-18 05:18:05.082, data, MQName_,RMQ3, : ########## 負荷検知 ########## 
2015-9-18 05:18:05.084, data, MQName_,RMQ3, : ########## 負荷検知 ########## 
2015-9-18 05:18:05.086, data, MQName_,RMQ3, : ########## 負荷検知 ########## 
2015-9-18 05:18:05.088, data, MQName_,RMQ3, : ########## 負荷検知 ########## 
2015-9-18 05:18:05.090, data, MQName_,RMQ3, : ########## 負荷検知 ########## 
2015-9-18 05:18:05.091, data, MQName_,RMQ3, : ########## 負荷検知 ########## 
2015-9-18 05:18:05.103, data, MQName_,RMQ3, : ########## 負荷検知 ########## 
2015-9-18 05:18:05.105, data, MQName_,RMQ3, : ########## 負荷検知 ########## 
2015-9-18 05:18:05.106, data, MQName_,RMQ3, : ########## 負荷検知 ########## 
2015-9-18 05:18:05.107, data, MQName_,RMQ3, : ########## 負荷検知 ########## 
2015-9-18 05:18:05.109, data, MQName_,RMQ3, : ########## 負荷検知 ########## 
2015-9-18 05:18:05.110, data, MQName_,RMQ3, : ########## 負荷検知 ########## 
2015-9-18 05:18:05.111, data, MQName_,RMQ3, : ########## 負荷検知 ########## 
2015-9-18 05:18:05.114, data, MQName_,RMQ3, : ########## 負荷検知 ########## 
2015-9-18 05:18:05.116, data, MQName_,RMQ3, : ########## 負荷検知 ########## 
2015-9-18 05:18:05.118, data, MQName_,RMQ3, : ########## 負荷検知 ########## 
2015-9-18 05:18:05.120, data, MQName_,RMQ3, : ########## 負荷検知 ########## 
2015-9-18 05:18:05.122, data, MQName_,RMQ3, : ########## 負荷検知 ########## 
2015-9-18 05:18:05.124, data, MQName_,RMQ3, : ########## 負荷検知 ########## 
2015-9-18 05:18:05.159, data, MQName_,RMQ3, : ########## 負荷検知 ########## 
2015-9-18 05:18:06.014, data, MQName_,RMQ9, : ########## 負荷検知 ########## 
2015-9-18 05:18:06.034, data, MQName_,RMQ0, : ########## 負荷検知 ########## 
2015-9-18 05:18:06.059, data, MQName_,RMQ0, : ########## 負荷検知 ########## 
2015-9-18 05:18:06.063, data, MQName_,RMQ0, : ########## 負荷検知 ########## 
2015-9-18 05:18:06.066, data, MQName_,RMQ0, : ########## 負荷検知 ########## 
2015-9-18 05:18:06.069, data, MQName_,RMQ0, : ########## 負荷検知 ########## 
2015-9-18 05:18:06.072, data, MQName_,RMQ0, : ########## 負荷検知 ########## 
2015-9-18 05:18:06.079, data, MQName_,RMQ0, : ########## 負荷検知 ########## 
2015-9-18 05:18:06.083, data, MQName_,RMQ0, : ########## 負荷検知 ########## 
2015-9-18 05:18:06.086, data, MQName_,RMQ0, : ########## 負荷検知 ########## 
2015-9-18 05:18:06.089, data, MQName_,RMQ0, : ########## 負荷検知 ########## 
2015-9-18 05:18:06.093, data, MQName_,RMQ0, : ########## 負荷検知 ########## 
2015-9-18 05:18:06.096, data, MQName_,RMQ0, : ########## 負荷検知 ########## 
2015-9-18 05:18:06.100, data, MQName_,RMQ0, : ########## 負荷検知 ########## 
2015-9-18 05:18:06.103, data, MQName_,RMQ0, : ########## 負荷検知 ########## 
2015-9-18 05:18:06.107, data, MQName_,RMQ0, : ########## 負荷検知 ########## 
2015-9-18 05:18:06.110, data, MQName_,RMQ0, : ########## 負荷検知 ########## 
2015-9-18 05:18:06.113, data, MQName_,RMQ0, : ########## 負荷検知 ########## 
2015-9-18 05:18:06.116, data, MQName_,RMQ0, : ########## 負荷検知 ########## 
2015-9-18 05:18:06.119, data, MQName_,RMQ0, : ########## 負荷検知 ########## 
2015-9-18 05:18:06.124, data, MQName_,RMQ0, : ########## 負荷検知 ########## 
2015-9-18 05:18:06.128, data, MQName_,RMQ0, : ########## 負荷検知 ########## 
2015-9-18 05:18:06.131, data, MQName_,RMQ0, : ########## 負荷検知 ########## 
2015-9-18 05:18:06.135, data, MQName_,RMQ0, : ########## 負荷検知 ########## 
2015-9-18 05:18:06.138, data, MQName_,RMQ0, : ########## 負荷検知 ########## 
2015-9-18 05:18:06.142, data, MQName_,RMQ0, : ########## 負荷検知 ########## 
2015-9-18 05:18:06.145, data, MQName_,RMQ0, : ########## 負荷検知 ########## 
2015-9-18 05:18:06.157, data, MQName_,RMQ0, : ########## 負荷検知 ########## 
2015-9-18 05:18:06.192, data, MQName_,RMQ0, : ########## 負荷検知 ########## 
2015-9-18 05:18:07.022, data, MQName_,RMQ5, : ########## 負荷検知 ########## 
2015-9-18 05:18:07.031, data, MQName_,RMQ4, : ########## 負荷検知 ########## 
2015-9-18 05:18:07.040, data, MQName_,RMQ4, : ########## 負荷検知 ########## 
2015-9-18 05:18:07.065, data, MQName_,RMQ4, : ########## 負荷検知 ########## 
2015-9-18 05:18:07.066, data, MQName_,RMQ4, : ########## 負荷検知 ########## 
2015-9-18 05:18:07.072, data, MQName_,RMQ4, : ########## 負荷検知 ########## 
2015-9-18 05:18:07.073, data, MQName_,RMQ4, : ########## 負荷検知 ########## 
2015-9-18 05:18:07.077, data, MQName_,RMQ4, : ########## 負荷検知 ########## 
2015-9-18 05:18:07.082, data, MQName_,RMQ4, : ########## 負荷検知 ########## 
2015-9-18 05:18:07.085, data, MQName_,RMQ4, : ########## 負荷検知 ########## 
2015-9-18 05:18:07.088, data, MQName_,RMQ4, : ########## 負荷検知 ########## 
2015-9-18 05:18:07.090, data, MQName_,RMQ4, : ########## 負荷検知 ########## 
2015-9-18 05:18:07.093, data, MQName_,RMQ4, : ########## 負荷検知 ########## 
2015-9-18 05:18:07.095, data, MQName_,RMQ4, : ########## 負荷検知 ########## 
2015-9-18 05:18:07.098, data, MQName_,RMQ4, : ########## 負荷検知 ########## 
2015-9-18 05:18:07.100, data, MQName_,RMQ4, : ########## 負荷検知 ########## 
2015-9-18 05:18:07.103, data, MQName_,RMQ4, : ########## 負荷検知 ########## 
2015-9-18 05:18:07.105, data, MQName_,RMQ4, : ########## 負荷検知 ########## 
2015-9-18 05:18:07.108, data, MQName_,RMQ4, : ########## 負荷検知 ########## 
2015-9-18 05:18:07.111, data, MQName_,RMQ4, : ########## 負荷検知 ########## 
2015-9-18 05:18:07.116, data, MQName_,RMQ4, : ########## 負荷検知 ########## 
2015-9-18 05:18:07.117, data, MQName_,RMQ4, : ########## 負荷検知 ########## 
2015-9-18 05:18:07.119, data, MQName_,RMQ4, : ########## 負荷検知 ########## 
2015-9-18 05:18:07.120, data, MQName_,RMQ4, : ########## 負荷検知 ########## 
2015-9-18 05:18:07.121, data, MQName_,RMQ4, : ########## 負荷検知 ########## 
2015-9-18 05:18:07.121, data, MQName_,RMQ4, : ########## 負荷検知 ########## 
2015-9-18 05:18:07.122, data, MQName_,RMQ4, : ########## 負荷検知 ########## 
2015-9-18 05:18:07.131, data, MQName_,RMQ4, : ########## 負荷検知 ########## 
2015-9-18 05:18:07.134, data, MQName_,RMQ4, : ########## 負荷検知 ########## 
2015-9-18 05:18:07.136, data, MQName_,RMQ4, : ########## 負荷検知 ########## 
2015-9-18 05:18:07.137, data, MQName_,RMQ4, : ########## 負荷検知 ########## 
2015-9-18 05:18:07.138, data, MQName_,RMQ4, : ########## 負荷検知 ########## 
2015-9-18 05:18:07.140, data, MQName_,RMQ4, : ########## 負荷検知 ########## 
2015-9-18 05:18:07.141, data, MQName_,RMQ4, : ########## 負荷検知 ########## 
2015-9-18 05:18:07.143, data, MQName_,RMQ4, : ########## 負荷検知 ########## 
2015-9-18 05:18:07.145, data, MQName_,RMQ4, : ########## 負荷検知 ########## 
2015-9-18 05:18:07.146, data, MQName_,RMQ4, : ########## 負荷検知 ########## 
2015-9-18 05:18:07.155, data, MQName_,RMQ8, : ########## 負荷検知 ########## 
2015-9-18 05:18:08.019, data, MQName_,RMQ4, : ########## 負荷検知 ########## 
2015-9-18 05:18:08.053, data, MQName_,RMQ7, : ########## 負荷検知 ########## 
2015-9-18 05:18:08.106, data, MQName_,RMQ3, : ########## 負荷検知 ########## 
2015-9-18 05:18:08.188, data, MQName_,RMQ3, : ########## 負荷検知 ########## 
2015-9-18 05:18:09.014, data, MQName_,RMQ7, : ########## 負荷検知 ########## 
2015-9-18 05:18:09.034, data, MQName_,RMQ2, : ########## 負荷検知 ########## 
2015-9-18 05:18:09.037, data, MQName_,RMQ3, : ########## 負荷検知 ########## 
2015-9-18 05:18:09.051, data, MQName_,RMQ3, : ########## 負荷検知 ########## 
2015-9-18 05:18:09.053, data, MQName_,RMQ3, : ########## 負荷検知 ########## 
2015-9-18 05:18:09.054, data, MQName_,RMQ3, : ########## 負荷検知 ########## 
2015-9-18 05:18:09.065, data, MQName_,RMQ3, : ########## 負荷検知 ########## 
2015-9-18 05:18:09.066, data, MQName_,RMQ3, : ########## 負荷検知 ########## 
2015-9-18 05:18:09.068, data, MQName_,RMQ3, : ########## 負荷検知 ########## 
2015-9-18 05:18:09.069, data, MQName_,RMQ3, : ########## 負荷検知 ########## 
2015-9-18 05:18:09.070, data, MQName_,RMQ3, : ########## 負荷検知 ########## 
2015-9-18 05:18:09.070, data, MQName_,RMQ3, : ########## 負荷検知 ########## 
2015-9-18 05:18:09.071, data, MQName_,RMQ3, : ########## 負荷検知 ########## 
2015-9-18 05:18:09.072, data, MQName_,RMQ3, : ########## 負荷検知 ########## 
2015-9-18 05:18:09.072, data, MQName_,RMQ3, : ########## 負荷検知 ########## 
2015-9-18 05:18:09.073, data, MQName_,RMQ3, : ########## 負荷検知 ########## 
2015-9-18 05:18:09.073, data, MQName_,RMQ3, : ########## 負荷検知 ########## 
2015-9-18 05:18:09.074, data, MQName_,RMQ3, : ########## 負荷検知 ########## 
2015-9-18 05:18:09.075, data, MQName_,RMQ3, : ########## 負荷検知 ########## 
2015-9-18 05:18:09.076, data, MQName_,RMQ3, : ########## 負荷検知 ########## 
2015-9-18 05:18:09.077, data, MQName_,RMQ3, : ########## 負荷検知 ########## 
2015-9-18 05:18:09.078, data, MQName_,RMQ3, : ########## 負荷検知 ########## 
2015-9-18 05:18:09.079, data, MQName_,RMQ3, : ########## 負荷検知 ########## 
2015-9-18 05:18:09.089, data, MQName_,RMQ3, : ########## 負荷検知 ########## 
2015-9-18 05:18:09.091, data, MQName_,RMQ3, : ########## 負荷検知 ########## 
2015-9-18 05:18:09.093, data, MQName_,RMQ3, : ########## 負荷検知 ########## 
2015-9-18 05:18:09.094, data, MQName_,RMQ3, : ########## 負荷検知 ########## 
2015-9-18 05:18:09.095, data, MQName_,RMQ3, : ########## 負荷検知 ########## 
2015-9-18 05:18:09.097, data, MQName_,RMQ3, : ########## 負荷検知 ########## 
2015-9-18 05:18:09.098, data, MQName_,RMQ3, : ########## 負荷検知 ########## 
2015-9-18 05:18:09.099, data, MQName_,RMQ3, : ########## 負荷検知 ########## 
2015-9-18 05:18:09.101, data, MQName_,RMQ3, : ########## 負荷検知 ########## 
2015-9-18 05:18:09.102, data, MQName_,RMQ3, : ########## 負荷検知 ########## 
2015-9-18 05:18:09.103, data, MQName_,RMQ3, : ########## 負荷検知 ########## 
2015-9-18 05:18:09.104, data, MQName_,RMQ3, : ########## 負荷検知 ########## 
2015-9-18 05:18:09.106, data, MQName_,RMQ3, : ########## 負荷検知 ########## 
2015-9-18 05:18:09.107, data, MQName_,RMQ3, : ########## 負荷検知 ########## 
2015-9-18 05:18:09.108, data, MQName_,RMQ3, : ########## 負荷検知 ########## 
2015-9-18 05:18:09.110, data, MQName_,RMQ3, : ########## 負荷検知 ########## 
2015-9-18 05:18:09.111, data, MQName_,RMQ3, : ########## 負荷検知 ########## 
2015-9-18 05:18:09.113, data, MQName_,RMQ3, : ########## 負荷検知 ########## 
2015-9-18 05:18:09.114, data, MQName_,RMQ3, : ########## 負荷検知 ########## 
2015-9-18 05:18:09.116, data, MQName_,RMQ3, : ########## 負荷検知 ########## 
2015-9-18 05:18:09.117, data, MQName_,RMQ3, : ########## 負荷検知 ########## 
2015-9-18 05:18:09.119, data, MQName_,RMQ3, : ########## 負荷検知 ########## 
2015-9-18 05:18:09.120, data, MQName_,RMQ3, : ########## 負荷検知 ########## 
2015-9-18 05:18:09.121, data, MQName_,RMQ3, : ########## 負荷検知 ########## 
2015-9-18 05:18:09.123, data, MQName_,RMQ3, : ########## 負荷検知 ########## 
2015-9-18 05:18:09.124, data, MQName_,RMQ3, : ########## 負荷検知 ########## 
2015-9-18 05:18:09.125, data, MQName_,RMQ3, : ########## 負荷検知 ########## 
2015-9-18 05:18:09.126, data, MQName_,RMQ3, : ########## 負荷検知 ########## 
2015-9-18 05:18:09.128, data, MQName_,RMQ3, : ########## 負荷検知 ########## 
2015-9-18 05:18:09.129, data, MQName_,RMQ3, : ########## 負荷検知 ########## 
2015-9-18 05:18:09.130, data, MQName_,RMQ3, : ########## 負荷検知 ########## 
2015-9-18 05:18:09.164, data, MQName_,RMQ6, : ########## 負荷検知 ########## 
2015-9-18 05:18:09.171, data, MQName_,RMQ3, : ########## 負荷検知 ########## 
2015-9-18 05:18:09.178, data, MQName_,RMQ5, : ########## 負荷検知 ########## 
2015-9-18 05:18:10.033, data, MQName_,RMQ9, : ########## 負荷検知 ########## 
2015-9-18 05:18:10.055, data, MQName_,RMQ2, : ########## 負荷検知 ########## 
2015-9-18 05:18:10.082, data, MQName_,RMQ2, : ########## 負荷検知 ########## 
2015-9-18 05:18:10.113, data, MQName_,RMQ2, : ########## 負荷検知 ########## 
2015-9-18 05:18:10.115, data, MQName_,RMQ2, : ########## 負荷検知 ########## 
2015-9-18 05:18:10.117, data, MQName_,RMQ2, : ########## 負荷検知 ########## 
2015-9-18 05:18:10.118, data, MQName_,RMQ2, : ########## 負荷検知 ########## 
2015-9-18 05:18:10.120, data, MQName_,RMQ2, : ########## 負荷検知 ########## 
2015-9-18 05:18:10.145, data, MQName_,RMQ2, : ########## 負荷検知 ########## 
2015-9-18 05:18:10.146, data, MQName_,RMQ2, : ########## 負荷検知 ########## 
2015-9-18 05:18:10.154, data, MQName_,RMQ6, : ########## 負荷検知 ########## 
2015-9-18 05:18:10.158, data, MQName_,RMQ3, : ########## 負荷検知 ########## 
2015-9-18 05:18:10.173, data, MQName_,RMQ6, : ########## 負荷検知 ########## 
2015-9-18 05:18:10.184, data, MQName_,RMQ3, : ########## 負荷検知 ########## 
2015-9-18 05:18:10.191, data, MQName_,RMQ2, : ########## 負荷検知 ########## 
2015-9-18 05:18:11.019, data, MQName_,RMQ9, : ########## 負荷検知 ########## 
2015-9-18 05:18:11.033, data, MQName_,RMQ9, : ########## 負荷検知 ########## 
2015-9-18 05:18:11.048, data, MQName_,RMQ8, : ########## 負荷検知 ########## 
2015-9-18 05:18:11.081, data, MQName_,RMQ9, : ########## 負荷検知 ########## 
2015-9-18 05:18:11.081, data, MQName_,RMQ8, : ########## 負荷検知 ########## 
2015-9-18 05:18:11.084, data, MQName_,RMQ8, : ########## 負荷検知 ########## 
2015-9-18 05:18:11.085, data, MQName_,RMQ8, : ########## 負荷検知 ########## 
2015-9-18 05:18:11.086, data, MQName_,RMQ8, : ########## 負荷検知 ########## 
2015-9-18 05:18:11.088, data, MQName_,RMQ8, : ########## 負荷検知 ########## 
2015-9-18 05:18:11.089, data, MQName_,RMQ8, : ########## 負荷検知 ########## 
2015-9-18 05:18:11.090, data, MQName_,RMQ8, : ########## 負荷検知 ########## 
2015-9-18 05:18:11.092, data, MQName_,RMQ8, : ########## 負荷検知 ########## 
2015-9-18 05:18:11.093, data, MQName_,RMQ8, : ########## 負荷検知 ########## 
2015-9-18 05:18:11.095, data, MQName_,RMQ8, : ########## 負荷検知 ########## 
2015-9-18 05:18:11.096, data, MQName_,RMQ8, : ########## 負荷検知 ########## 
2015-9-18 05:18:11.098, data, MQName_,RMQ8, : ########## 負荷検知 ########## 
2015-9-18 05:18:11.099, data, MQName_,RMQ8, : ########## 負荷検知 ########## 
2015-9-18 05:18:11.108, data, MQName_,RMQ8, : ########## 負荷検知 ########## 
2015-9-18 05:18:11.111, data, MQName_,RMQ8, : ########## 負荷検知 ########## 
2015-9-18 05:18:11.112, data, MQName_,RMQ8, : ########## 負荷検知 ########## 
2015-9-18 05:18:11.113, data, MQName_,RMQ8, : ########## 負荷検知 ########## 
2015-9-18 05:18:11.115, data, MQName_,RMQ8, : ########## 負荷検知 ########## 
2015-9-18 05:18:11.116, data, MQName_,RMQ8, : ########## 負荷検知 ########## 
2015-9-18 05:18:11.118, data, MQName_,RMQ8, : ########## 負荷検知 ########## 
2015-9-18 05:18:11.119, data, MQName_,RMQ8, : ########## 負荷検知 ########## 
2015-9-18 05:18:11.121, data, MQName_,RMQ8, : ########## 負荷検知 ########## 
2015-9-18 05:18:11.123, data, MQName_,RMQ8, : ########## 負荷検知 ########## 
2015-9-18 05:18:11.125, data, MQName_,RMQ8, : ########## 負荷検知 ########## 
2015-9-18 05:18:11.126, data, MQName_,RMQ8, : ########## 負荷検知 ########## 
2015-9-18 05:18:11.128, data, MQName_,RMQ8, : ########## 負荷検知 ########## 
2015-9-18 05:18:11.129, data, MQName_,RMQ8, : ########## 負荷検知 ########## 
2015-9-18 05:18:11.131, data, MQName_,RMQ8, : ########## 負荷検知 ########## 
2015-9-18 05:18:11.132, data, MQName_,RMQ8, : ########## 負荷検知 ########## 
2015-9-18 05:18:11.134, data, MQName_,RMQ8, : ########## 負荷検知 ########## 
2015-9-18 05:18:11.135, data, MQName_,RMQ8, : ########## 負荷検知 ########## 
2015-9-18 05:18:11.137, data, MQName_,RMQ8, : ########## 負荷検知 ########## 
2015-9-18 05:18:11.138, data, MQName_,RMQ8, : ########## 負荷検知 ########## 
2015-9-18 05:18:11.140, data, MQName_,RMQ8, : ########## 負荷検知 ########## 
2015-9-18 05:18:11.142, data, MQName_,RMQ8, : ########## 負荷検知 ########## 
2015-9-18 05:18:11.143, data, MQName_,RMQ8, : ########## 負荷検知 ########## 
2015-9-18 05:18:11.144, data, MQName_,RMQ8, : ########## 負荷検知 ########## 
2015-9-18 05:18:11.146, data, MQName_,RMQ8, : ########## 負荷検知 ########## 
2015-9-18 05:18:11.157, data, MQName_,RMQ9, : ########## 負荷検知 ########## 
2015-9-18 05:18:11.176, data, MQName_,RMQ4, : ########## 負荷検知 ########## 
2015-9-18 05:18:12.019, data, MQName_,RMQ8, : ########## 負荷検知 ########## 
2015-9-18 05:18:12.047, data, MQName_,RMQ8, : ########## 負荷検知 ########## 
2015-9-18 05:18:12.049, data, MQName_,RMQ9, : ########## 負荷検知 ########## 
2015-9-18 05:18:12.068, data, MQName_,RMQ9, : ########## 負荷検知 ########## 
2015-9-18 05:18:12.071, data, MQName_,RMQ9, : ########## 負荷検知 ########## 
2015-9-18 05:18:12.073, data, MQName_,RMQ9, : ########## 負荷検知 ########## 
2015-9-18 05:18:12.075, data, MQName_,RMQ9, : ########## 負荷検知 ########## 
2015-9-18 05:18:12.077, data, MQName_,RMQ9, : ########## 負荷検知 ########## 
2015-9-18 05:18:12.078, data, MQName_,RMQ9, : ########## 負荷検知 ########## 
2015-9-18 05:18:12.081, data, MQName_,RMQ9, : ########## 負荷検知 ########## 
2015-9-18 05:18:12.083, data, MQName_,RMQ9, : ########## 負荷検知 ########## 
2015-9-18 05:18:12.084, data, MQName_,RMQ9, : ########## 負荷検知 ########## 
2015-9-18 05:18:12.085, data, MQName_,RMQ9, : ########## 負荷検知 ########## 
2015-9-18 05:18:12.086, data, MQName_,RMQ9, : ########## 負荷検知 ########## 
2015-9-18 05:18:12.087, data, MQName_,RMQ9, : ########## 負荷検知 ########## 
2015-9-18 05:18:12.088, data, MQName_,RMQ9, : ########## 負荷検知 ########## 
2015-9-18 05:18:12.089, data, MQName_,RMQ9, : ########## 負荷検知 ########## 
2015-9-18 05:18:12.090, data, MQName_,RMQ9, : ########## 負荷検知 ########## 
2015-9-18 05:18:12.091, data, MQName_,RMQ9, : ########## 負荷検知 ########## 
2015-9-18 05:18:12.092, data, MQName_,RMQ9, : ########## 負荷検知 ########## 
2015-9-18 05:18:12.093, data, MQName_,RMQ9, : ########## 負荷検知 ########## 
2015-9-18 05:18:12.094, data, MQName_,RMQ9, : ########## 負荷検知 ########## 
2015-9-18 05:18:12.095, data, MQName_,RMQ9, : ########## 負荷検知 ########## 
2015-9-18 05:18:12.096, data, MQName_,RMQ9, : ########## 負荷検知 ########## 
2015-9-18 05:18:12.096, data, MQName_,RMQ9, : ########## 負荷検知 ########## 
2015-9-18 05:18:12.097, data, MQName_,RMQ9, : ########## 負荷検知 ########## 
2015-9-18 05:18:12.098, data, MQName_,RMQ9, : ########## 負荷検知 ########## 
2015-9-18 05:18:12.100, data, MQName_,RMQ9, : ########## 負荷検知 ########## 
2015-9-18 05:18:12.100, data, MQName_,RMQ9, : ########## 負荷検知 ########## 
2015-9-18 05:18:12.102, data, MQName_,RMQ9, : ########## 負荷検知 ########## 
2015-9-18 05:18:12.103, data, MQName_,RMQ8, : ########## 負荷検知 ########## 
2015-9-18 05:18:12.137, data, MQName_,RMQ8, : ########## 負荷検知 ########## 
2015-9-18 05:18:12.139, data, MQName_,RMQ8, : ########## 負荷検知 ########## 
2015-9-18 05:18:12.140, data, MQName_,RMQ8, : ########## 負荷検知 ########## 
2015-9-18 05:18:12.142, data, MQName_,RMQ8, : ########## 負荷検知 ########## 
2015-9-18 05:18:12.144, data, MQName_,RMQ8, : ########## 負荷検知 ########## 
2015-9-18 05:18:12.145, data, MQName_,RMQ8, : ########## 負荷検知 ########## 
2015-9-18 05:18:12.148, data, MQName_,RMQ0, : ########## 負荷検知 ########## 
2015-9-18 05:18:12.156, data, MQName_,RMQ1, : ########## 負荷検知 ########## 
2015-9-18 05:18:12.175, data, MQName_,RMQ0, : ########## 負荷検知 ########## 
2015-9-18 05:18:12.185, data, MQName_,RMQ0, : ########## 負荷検知 ########## 
2015-9-18 05:18:13.014, data, MQName_,RMQ7, : ########## 負荷検知 ########## 
2015-9-18 05:18:13.033, data, MQName_,RMQ6, : ########## 負荷検知 ########## 
2015-9-18 05:18:13.052, data, MQName_,RMQ6, : ########## 負荷検知 ########## 
2015-9-18 05:18:13.059, data, MQName_,RMQ6, : ########## 負荷検知 ########## 
2015-9-18 05:18:13.071, data, MQName_,RMQ6, : ########## 負荷検知 ########## 
2015-9-18 05:18:13.075, data, MQName_,RMQ6, : ########## 負荷検知 ########## 
2015-9-18 05:18:13.078, data, MQName_,RMQ6, : ########## 負荷検知 ########## 
2015-9-18 05:18:13.081, data, MQName_,RMQ6, : ########## 負荷検知 ########## 
2015-9-18 05:18:13.085, data, MQName_,RMQ6, : ########## 負荷検知 ########## 
2015-9-18 05:18:13.088, data, MQName_,RMQ6, : ########## 負荷検知 ########## 
2015-9-18 05:18:13.091, data, MQName_,RMQ6, : ########## 負荷検知 ########## 
2015-9-18 05:18:13.094, data, MQName_,RMQ6, : ########## 負荷検知 ########## 
2015-9-18 05:18:13.097, data, MQName_,RMQ6, : ########## 負荷検知 ########## 
2015-9-18 05:18:13.100, data, MQName_,RMQ6, : ########## 負荷検知 ########## 
2015-9-18 05:18:13.103, data, MQName_,RMQ6, : ########## 負荷検知 ########## 
2015-9-18 05:18:13.106, data, MQName_,RMQ6, : ########## 負荷検知 ########## 
2015-9-18 05:18:13.110, data, MQName_,RMQ6, : ########## 負荷検知 ########## 
2015-9-18 05:18:13.113, data, MQName_,RMQ6, : ########## 負荷検知 ########## 
2015-9-18 05:18:13.116, data, MQName_,RMQ6, : ########## 負荷検知 ########## 
2015-9-18 05:18:13.120, data, MQName_,RMQ6, : ########## 負荷検知 ########## 
2015-9-18 05:18:13.123, data, MQName_,RMQ6, : ########## 負荷検知 ########## 
2015-9-18 05:18:13.126, data, MQName_,RMQ6, : ########## 負荷検知 ########## 
2015-9-18 05:18:13.129, data, MQName_,RMQ6, : ########## 負荷検知 ########## 
2015-9-18 05:18:13.132, data, MQName_,RMQ6, : ########## 負荷検知 ########## 
2015-9-18 05:18:13.135, data, MQName_,RMQ6, : ########## 負荷検知 ########## 
2015-9-18 05:18:13.138, data, MQName_,RMQ6, : ########## 負荷検知 ########## 
2015-9-18 05:18:13.141, data, MQName_,RMQ6, : ########## 負荷検知 ########## 
2015-9-18 05:18:13.145, data, MQName_,RMQ6, : ########## 負荷検知 ########## 
2015-9-18 05:18:13.156, data, MQName_,RMQ6, : ########## 負荷検知 ########## 
2015-9-18 05:18:13.200, data, MQName_,RMQ6, : ########## 負荷検知 ########## 
2015-9-18 05:18:13.212, data, MQName_,RMQ0, : ########## 負荷検知 ########## 
2015-9-18 05:18:13.232, data, MQName_,RMQ0, : ########## 負荷検知 ########## 
2015-9-18 05:18:13.252, data, MQName_,RMQ5, : ########## 負荷検知 ########## 
2015-9-18 05:18:13.267, data, MQName_,RMQ5, : ########## 負荷検知 ########## 
2015-9-18 05:18:13.268, data, MQName_,RMQ5, : ########## 負荷検知 ########## 
2015-9-18 05:18:13.272, data, MQName_,RMQ5, : ########## 負荷検知 ########## 
2015-9-18 05:18:13.274, data, MQName_,RMQ5, : ########## 負荷検知 ########## 
2015-9-18 05:18:13.275, data, MQName_,RMQ5, : ########## 負荷検知 ########## 
2015-9-18 05:18:13.276, data, MQName_,RMQ5, : ########## 負荷検知 ########## 
2015-9-18 05:18:13.277, data, MQName_,RMQ5, : ########## 負荷検知 ########## 
2015-9-18 05:18:13.279, data, MQName_,RMQ5, : ########## 負荷検知 ########## 
2015-9-18 05:18:13.280, data, MQName_,RMQ5, : ########## 負荷検知 ########## 
2015-9-18 05:18:13.281, data, MQName_,RMQ5, : ########## 負荷検知 ########## 
2015-9-18 05:18:13.281, data, MQName_,RMQ5, : ########## 負荷検知 ########## 
2015-9-18 05:18:13.282, data, MQName_,RMQ5, : ########## 負荷検知 ########## 
2015-9-18 05:18:13.283, data, MQName_,RMQ5, : ########## 負荷検知 ########## 
2015-9-18 05:18:13.284, data, MQName_,RMQ5, : ########## 負荷検知 ########## 
2015-9-18 05:18:13.285, data, MQName_,RMQ5, : ########## 負荷検知 ########## 
2015-9-18 05:18:13.286, data, MQName_,RMQ5, : ########## 負荷検知 ########## 
2015-9-18 05:18:13.287, data, MQName_,RMQ5, : ########## 負荷検知 ########## 
2015-9-18 05:18:13.288, data, MQName_,RMQ5, : ########## 負荷検知 ########## 
2015-9-18 05:18:13.289, data, MQName_,RMQ5, : ########## 負荷検知 ########## 
2015-9-18 05:18:13.290, data, MQName_,RMQ5, : ########## 負荷検知 ########## 
2015-9-18 05:18:13.291, data, MQName_,RMQ5, : ########## 負荷検知 ########## 
2015-9-18 05:18:13.292, data, MQName_,RMQ5, : ########## 負荷検知 ########## 
2015-9-18 05:18:13.293, data, MQName_,RMQ5, : ########## 負荷検知 ########## 
2015-9-18 05:18:13.293, data, MQName_,RMQ5, : ########## 負荷検知 ########## 
2015-9-18 05:18:13.294, data, MQName_,RMQ5, : ########## 負荷検知 ########## 
2015-9-18 05:18:14.014, data, MQName_,RMQ3, : ########## 負荷検知 ########## 
2015-9-18 05:18:14.030, data, MQName_,RMQ9, : ########## 負荷検知 ########## 
2015-9-18 05:18:14.155, data, MQName_,RMQ3, : ########## 負荷検知 ########## 
2015-9-18 05:18:14.211, data, MQName_,RMQ7, : ########## 負荷検知 ########## 
2015-9-18 05:18:15.028, data, MQName_,RMQ2, : ########## 負荷検知 ########## 
2015-9-18 05:18:15.052, data, MQName_,RMQ4, : ########## 負荷検知 ########## 
2015-9-18 05:18:15.068, data, MQName_,RMQ1, : ########## 負荷検知 ########## 
2015-9-18 05:18:15.078, data, MQName_,RMQ2, : ########## 負荷検知 ########## 
2015-9-18 05:18:15.114, data, MQName_,RMQ2, : ########## 負荷検知 ########## 
2015-9-18 05:18:15.117, data, MQName_,RMQ2, : ########## 負荷検知 ########## 
2015-9-18 05:18:15.119, data, MQName_,RMQ2, : ########## 負荷検知 ########## 
2015-9-18 05:18:15.124, data, MQName_,RMQ2, : ########## 負荷検知 ########## 
2015-9-18 05:18:15.130, data, MQName_,RMQ2, : ########## 負荷検知 ########## 
2015-9-18 05:18:15.132, data, MQName_,RMQ2, : ########## 負荷検知 ########## 
2015-9-18 05:18:15.134, data, MQName_,RMQ2, : ########## 負荷検知 ########## 
2015-9-18 05:18:15.135, data, MQName_,RMQ2, : ########## 負荷検知 ########## 
2015-9-18 05:18:15.137, data, MQName_,RMQ2, : ########## 負荷検知 ########## 
2015-9-18 05:18:15.145, data, MQName_,RMQ2, : ########## 負荷検知 ########## 
2015-9-18 05:18:15.147, data, MQName_,RMQ2, : ########## 負荷検知 ########## 
2015-9-18 05:18:15.149, data, MQName_,RMQ2, : ########## 負荷検知 ########## 
2015-9-18 05:18:15.155, data, MQName_,RMQ6, : ########## 負荷検知 ########## 
2015-9-18 05:18:15.168, data, MQName_,RMQ6, : ########## 負荷検知 ########## 
2015-9-18 05:18:15.195, data, MQName_,RMQ6, : ########## 負荷検知 ########## 
2015-9-18 05:18:16.014, data, MQName_,RMQ0, : ########## 負荷検知 ########## 
2015-9-18 05:18:16.032, data, MQName_,RMQ0, : ########## 負荷検知 ########## 
2015-9-18 05:18:16.037, data, MQName_,RMQ1, : ########## 負荷検知 ########## 
2015-9-18 05:18:16.054, data, MQName_,RMQ1, : ########## 負荷検知 ########## 
2015-9-18 05:18:16.059, data, MQName_,RMQ1, : ########## 負荷検知 ########## 
2015-9-18 05:18:16.061, data, MQName_,RMQ1, : ########## 負荷検知 ########## 
2015-9-18 05:18:16.075, data, MQName_,RMQ1, : ########## 負荷検知 ########## 
2015-9-18 05:18:16.076, data, MQName_,RMQ1, : ########## 負荷検知 ########## 
2015-9-18 05:18:16.078, data, MQName_,RMQ1, : ########## 負荷検知 ########## 
2015-9-18 05:18:16.080, data, MQName_,RMQ1, : ########## 負荷検知 ########## 
2015-9-18 05:18:16.081, data, MQName_,RMQ1, : ########## 負荷検知 ########## 
2015-9-18 05:18:16.083, data, MQName_,RMQ1, : ########## 負荷検知 ########## 
2015-9-18 05:18:16.085, data, MQName_,RMQ1, : ########## 負荷検知 ########## 
2015-9-18 05:18:16.091, data, MQName_,RMQ1, : ########## 負荷検知 ########## 
2015-9-18 05:18:16.099, data, MQName_,RMQ1, : ########## 負荷検知 ########## 
2015-9-18 05:18:16.101, data, MQName_,RMQ1, : ########## 負荷検知 ########## 
2015-9-18 05:18:16.103, data, MQName_,RMQ1, : ########## 負荷検知 ########## 
2015-9-18 05:18:16.105, data, MQName_,RMQ1, : ########## 負荷検知 ########## 
2015-9-18 05:18:16.106, data, MQName_,RMQ1, : ########## 負荷検知 ########## 
2015-9-18 05:18:16.109, data, MQName_,RMQ1, : ########## 負荷検知 ########## 
2015-9-18 05:18:16.110, data, MQName_,RMQ1, : ########## 負荷検知 ########## 
2015-9-18 05:18:16.122, data, MQName_,RMQ1, : ########## 負荷検知 ########## 
2015-9-18 05:18:16.124, data, MQName_,RMQ1, : ########## 負荷検知 ########## 
2015-9-18 05:18:16.127, data, MQName_,RMQ1, : ########## 負荷検知 ########## 
2015-9-18 05:18:16.128, data, MQName_,RMQ1, : ########## 負荷検知 ########## 
2015-9-18 05:18:16.130, data, MQName_,RMQ1, : ########## 負荷検知 ########## 
2015-9-18 05:18:16.132, data, MQName_,RMQ1, : ########## 負荷検知 ########## 
2015-9-18 05:18:16.133, data, MQName_,RMQ1, : ########## 負荷検知 ########## 
2015-9-18 05:18:16.135, data, MQName_,RMQ1, : ########## 負荷検知 ########## 
2015-9-18 05:18:16.137, data, MQName_,RMQ1, : ########## 負荷検知 ########## 
2015-9-18 05:18:16.139, data, MQName_,RMQ1, : ########## 負荷検知 ########## 
2015-9-18 05:18:16.140, data, MQName_,RMQ1, : ########## 負荷検知 ########## 
2015-9-18 05:18:16.142, data, MQName_,RMQ1, : ########## 負荷検知 ########## 
2015-9-18 05:18:16.144, data, MQName_,RMQ1, : ########## 負荷検知 ########## 
2015-9-18 05:18:16.145, data, MQName_,RMQ1, : ########## 負荷検知 ########## 
2015-9-18 05:18:16.155, data, MQName_,RMQ1, : ########## 負荷検知 ########## 
2015-9-18 05:18:16.187, data, MQName_,RMQ6, : ########## 負荷検知 ########## 
2015-9-18 05:18:17.016, data, MQName_,RMQ1, : ########## 負荷検知 ########## 
2015-9-18 05:18:17.047, data, MQName_,RMQ8, : ########## 負荷検知 ########## 
2015-9-18 05:18:17.048, data, MQName_,RMQ8, : ########## 負荷検知 ########## 
2015-9-18 05:18:17.051, data, MQName_,RMQ8, : ########## 負荷検知 ########## 
2015-9-18 05:18:17.053, data, MQName_,RMQ8, : ########## 負荷検知 ########## 
2015-9-18 05:18:17.054, data, MQName_,RMQ8, : ########## 負荷検知 ########## 
2015-9-18 05:18:17.056, data, MQName_,RMQ8, : ########## 負荷検知 ########## 
2015-9-18 05:18:17.057, data, MQName_,RMQ8, : ########## 負荷検知 ########## 
2015-9-18 05:18:17.059, data, MQName_,RMQ8, : ########## 負荷検知 ########## 
2015-9-18 05:18:17.062, data, MQName_,RMQ8, : ########## 負荷検知 ########## 
2015-9-18 05:18:17.063, data, MQName_,RMQ8, : ########## 負荷検知 ########## 
2015-9-18 05:18:17.065, data, MQName_,RMQ8, : ########## 負荷検知 ########## 
2015-9-18 05:18:17.067, data, MQName_,RMQ8, : ########## 負荷検知 ########## 
2015-9-18 05:18:17.069, data, MQName_,RMQ8, : ########## 負荷検知 ########## 
2015-9-18 05:18:17.079, data, MQName_,RMQ8, : ########## 負荷検知 ########## 
2015-9-18 05:18:17.080, data, MQName_,RMQ8, : ########## 負荷検知 ########## 
2015-9-18 05:18:17.083, data, MQName_,RMQ8, : ########## 負荷検知 ########## 
2015-9-18 05:18:17.086, data, MQName_,RMQ8, : ########## 負荷検知 ########## 
2015-9-18 05:18:17.088, data, MQName_,RMQ8, : ########## 負荷検知 ########## 
2015-9-18 05:18:17.090, data, MQName_,RMQ3, : ########## 負荷検知 ########## 
2015-9-18 05:18:17.165, data, MQName_,RMQ4, : ########## 負荷検知 ########## 
2015-9-18 05:18:17.187, data, MQName_,RMQ4, : ########## 負荷検知 ########## 
2015-9-18 05:18:18.017, data, MQName_,RMQ5, : ########## 負荷検知 ########## 
2015-9-18 05:18:18.021, data, MQName_,RMQ0, : ########## 負荷検知 ########## 
2015-9-18 05:18:18.025, data, MQName_,RMQ9, : ########## 負荷検知 ########## 
2015-9-18 05:18:18.039, data, MQName_,RMQ1, : ########## 負荷検知 ########## 
2015-9-18 05:18:18.049, data, MQName_,RMQ1, : ########## 負荷検知 ########## 
2015-9-18 05:18:18.053, data, MQName_,RMQ1, : ########## 負荷検知 ########## 
2015-9-18 05:18:18.055, data, MQName_,RMQ1, : ########## 負荷検知 ########## 
2015-9-18 05:18:18.057, data, MQName_,RMQ1, : ########## 負荷検知 ########## 
2015-9-18 05:18:18.059, data, MQName_,RMQ1, : ########## 負荷検知 ########## 
2015-9-18 05:18:18.061, data, MQName_,RMQ1, : ########## 負荷検知 ########## 
2015-9-18 05:18:18.064, data, MQName_,RMQ1, : ########## 負荷検知 ########## 
2015-9-18 05:18:18.067, data, MQName_,RMQ1, : ########## 負荷検知 ########## 
2015-9-18 05:18:18.070, data, MQName_,RMQ1, : ########## 負荷検知 ########## 
2015-9-18 05:18:18.073, data, MQName_,RMQ1, : ########## 負荷検知 ########## 
2015-9-18 05:18:18.075, data, MQName_,RMQ1, : ########## 負荷検知 ########## 
2015-9-18 05:18:18.077, data, MQName_,RMQ1, : ########## 負荷検知 ########## 
2015-9-18 05:18:18.079, data, MQName_,RMQ1, : ########## 負荷検知 ########## 
2015-9-18 05:18:18.081, data, MQName_,RMQ1, : ########## 負荷検知 ########## 
2015-9-18 05:18:18.083, data, MQName_,RMQ1, : ########## 負荷検知 ########## 
2015-9-18 05:18:18.085, data, MQName_,RMQ1, : ########## 負荷検知 ########## 
2015-9-18 05:18:18.088, data, MQName_,RMQ1, : ########## 負荷検知 ########## 
2015-9-18 05:18:18.090, data, MQName_,RMQ1, : ########## 負荷検知 ########## 
2015-9-18 05:18:18.092, data, MQName_,RMQ1, : ########## 負荷検知 ########## 
2015-9-18 05:18:18.094, data, MQName_,RMQ1, : ########## 負荷検知 ########## 
2015-9-18 05:18:18.096, data, MQName_,RMQ1, : ########## 負荷検知 ########## 
2015-9-18 05:18:18.098, data, MQName_,RMQ1, : ########## 負荷検知 ########## 
2015-9-18 05:18:18.100, data, MQName_,RMQ1, : ########## 負荷検知 ########## 
2015-9-18 05:18:18.102, data, MQName_,RMQ1, : ########## 負荷検知 ########## 
2015-9-18 05:18:18.103, data, MQName_,RMQ1, : ########## 負荷検知 ########## 
2015-9-18 05:18:18.104, data, MQName_,RMQ4, : ########## 負荷検知 ########## 
2015-9-18 05:18:18.128, data, MQName_,RMQ4, : ########## 負荷検知 ########## 
2015-9-18 05:18:18.129, data, MQName_,RMQ4, : ########## 負荷検知 ########## 
2015-9-18 05:18:18.130, data, MQName_,RMQ8, : ########## 負荷検知 ########## 
2015-9-18 05:18:18.131, data, MQName_,RMQ4, : ########## 負荷検知 ########## 
2015-9-18 05:18:18.132, data, MQName_,RMQ8, : ########## 負荷検知 ########## 
2015-9-18 05:18:18.155, data, MQName_,RMQ8, : ########## 負荷検知 ########## 
2015-9-18 05:18:18.168, data, MQName_,RMQ3, : ########## 負荷検知 ########## 
2015-9-18 05:18:18.195, data, MQName_,RMQ7, : ########## 負荷検知 ########## 
2015-9-18 05:18:18.214, data, MQName_,RMQ8, : ########## 負荷検知 ########## 
2015-9-18 05:18:19.028, data, MQName_,RMQ2, : ########## 負荷検知 ########## 
2015-9-18 05:18:19.048, data, MQName_,RMQ2, : ########## 負荷検知 ########## 
2015-9-18 05:18:19.053, data, MQName_,RMQ2, : ########## 負荷検知 ########## 
2015-9-18 05:18:19.056, data, MQName_,RMQ2, : ########## 負荷検知 ########## 
2015-9-18 05:18:19.057, data, MQName_,RMQ2, : ########## 負荷検知 ########## 
2015-9-18 05:18:19.060, data, MQName_,RMQ2, : ########## 負荷検知 ########## 
2015-9-18 05:18:19.062, data, MQName_,RMQ2, : ########## 負荷検知 ########## 
2015-9-18 05:18:19.064, data, MQName_,RMQ2, : ########## 負荷検知 ########## 
2015-9-18 05:18:19.066, data, MQName_,RMQ2, : ########## 負荷検知 ########## 
2015-9-18 05:18:19.068, data, MQName_,RMQ2, : ########## 負荷検知 ########## 
2015-9-18 05:18:19.070, data, MQName_,RMQ2, : ########## 負荷検知 ########## 
2015-9-18 05:18:19.071, data, MQName_,RMQ2, : ########## 負荷検知 ########## 
2015-9-18 05:18:19.073, data, MQName_,RMQ2, : ########## 負荷検知 ########## 
2015-9-18 05:18:19.075, data, MQName_,RMQ2, : ########## 負荷検知 ########## 
2015-9-18 05:18:19.077, data, MQName_,RMQ2, : ########## 負荷検知 ########## 
2015-9-18 05:18:19.079, data, MQName_,RMQ2, : ########## 負荷検知 ########## 
2015-9-18 05:18:19.080, data, MQName_,RMQ2, : ########## 負荷検知 ########## 
2015-9-18 05:18:19.082, data, MQName_,RMQ2, : ########## 負荷検知 ########## 
2015-9-18 05:18:19.084, data, MQName_,RMQ2, : ########## 負荷検知 ########## 
2015-9-18 05:18:19.086, data, MQName_,RMQ2, : ########## 負荷検知 ########## 
2015-9-18 05:18:19.088, data, MQName_,RMQ2, : ########## 負荷検知 ########## 
2015-9-18 05:18:19.090, data, MQName_,RMQ2, : ########## 負荷検知 ########## 
2015-9-18 05:18:19.091, data, MQName_,RMQ2, : ########## 負荷検知 ########## 
2015-9-18 05:18:19.094, data, MQName_,RMQ2, : ########## 負荷検知 ########## 
2015-9-18 05:18:19.096, data, MQName_,RMQ2, : ########## 負荷検知 ########## 
2015-9-18 05:18:19.098, data, MQName_,RMQ2, : ########## 負荷検知 ########## 
2015-9-18 05:18:19.100, data, MQName_,RMQ2, : ########## 負荷検知 ########## 
2015-9-18 05:18:19.102, data, MQName_,RMQ2, : ########## 負荷検知 ########## 
2015-9-18 05:18:19.104, data, MQName_,RMQ2, : ########## 負荷検知 ########## 
2015-9-18 05:18:19.106, data, MQName_,RMQ2, : ########## 負荷検知 ########## 
2015-9-18 05:18:19.108, data, MQName_,RMQ2, : ########## 負荷検知 ########## 
2015-9-18 05:18:19.109, data, MQName_,RMQ2, : ########## 負荷検知 ########## 
2015-9-18 05:18:19.111, data, MQName_,RMQ2, : ########## 負荷検知 ########## 
2015-9-18 05:18:19.113, data, MQName_,RMQ2, : ########## 負荷検知 ########## 
2015-9-18 05:18:19.115, data, MQName_,RMQ2, : ########## 負荷検知 ########## 
2015-9-18 05:18:19.117, data, MQName_,RMQ2, : ########## 負荷検知 ########## 
2015-9-18 05:18:19.119, data, MQName_,RMQ2, : ########## 負荷検知 ########## 
2015-9-18 05:18:19.120, data, MQName_,RMQ2, : ########## 負荷検知 ########## 
2015-9-18 05:18:19.122, data, MQName_,RMQ2, : ########## 負荷検知 ########## 
2015-9-18 05:18:19.124, data, MQName_,RMQ2, : ########## 負荷検知 ########## 
2015-9-18 05:18:19.125, data, MQName_,RMQ2, : ########## 負荷検知 ########## 
2015-9-18 05:18:19.127, data, MQName_,RMQ2, : ########## 負荷検知 ########## 
2015-9-18 05:18:19.129, data, MQName_,RMQ2, : ########## 負荷検知 ########## 
2015-9-18 05:18:19.130, data, MQName_,RMQ2, : ########## 負荷検知 ########## 
2015-9-18 05:18:19.133, data, MQName_,RMQ2, : ########## 負荷検知 ########## 
2015-9-18 05:18:19.134, data, MQName_,RMQ2, : ########## 負荷検知 ########## 
2015-9-18 05:18:19.136, data, MQName_,RMQ2, : ########## 負荷検知 ########## 
2015-9-18 05:18:19.138, data, MQName_,RMQ2, : ########## 負荷検知 ########## 
2015-9-18 05:18:19.141, data, MQName_,RMQ2, : ########## 負荷検知 ########## 
2015-9-18 05:18:19.142, data, MQName_,RMQ2, : ########## 負荷検知 ########## 
2015-9-18 05:18:19.144, data, MQName_,RMQ2, : ########## 負荷検知 ########## 
2015-9-18 05:18:19.145, data, MQName_,RMQ2, : ########## 負荷検知 ########## 
2015-9-18 05:18:19.178, data, MQName_,RMQ2, : ########## 負荷検知 ########## 
2015-9-18 05:18:19.184, data, MQName_,RMQ4, : ########## 負荷検知 ########## 
2015-9-18 05:18:19.190, data, MQName_,RMQ5, : ########## 負荷検知 ########## 
2015-9-18 05:18:19.204, data, MQName_,RMQ6, : ########## 負荷検知 ########## 
2015-9-18 05:18:19.236, data, MQName_,RMQ3, : ########## 負荷検知 ########## 
2015-9-18 05:18:20.015, data, MQName_,RMQ3, : ########## 負荷検知 ########## 
2015-9-18 05:18:20.054, data, MQName_,RMQ2, : ########## 負荷検知 ########## 
2015-9-18 05:18:20.113, data, MQName_,RMQ2, : ########## 負荷検知 ########## 
2015-9-18 05:18:20.122, data, MQName_,RMQ2, : ########## 負荷検知 ########## 
2015-9-18 05:18:20.125, data, MQName_,RMQ2, : ########## 負荷検知 ########## 
2015-9-18 05:18:20.127, data, MQName_,RMQ2, : ########## 負荷検知 ########## 
2015-9-18 05:18:20.130, data, MQName_,RMQ2, : ########## 負荷検知 ########## 
2015-9-18 05:18:20.132, data, MQName_,RMQ2, : ########## 負荷検知 ########## 
2015-9-18 05:18:20.133, data, MQName_,RMQ2, : ########## 負荷検知 ########## 
2015-9-18 05:18:20.136, data, MQName_,RMQ2, : ########## 負荷検知 ########## 
2015-9-18 05:18:20.142, data, MQName_,RMQ2, : ########## 負荷検知 ########## 
2015-9-18 05:18:20.146, data, MQName_,RMQ2, : ########## 負荷検知 ########## 
2015-9-18 05:18:20.155, data, MQName_,RMQ2, : ########## 負荷検知 ########## 
2015-9-18 05:18:20.191, data, MQName_,RMQ2, : ########## 負荷検知 ########## 
2015-9-18 05:18:20.202, data, MQName_,RMQ3, : ########## 負荷検知 ########## 
2015-9-18 05:18:20.218, data, MQName_,RMQ4, : ########## 負荷検知 ########## 
2015-9-18 05:18:21.017, data, MQName_,RMQ4, : ########## 負荷検知 ########## 
2015-9-18 05:18:21.048, data, MQName_,RMQ8, : ########## 負荷検知 ########## 
2015-9-18 05:18:21.056, data, MQName_,RMQ8, : ########## 負荷検知 ########## 
2015-9-18 05:18:21.059, data, MQName_,RMQ3, : ########## 負荷検知 ########## 
2015-9-18 05:18:21.060, data, MQName_,RMQ8, : ########## 負荷検知 ########## 
2015-9-18 05:18:21.061, data, MQName_,RMQ3, : ########## 負荷検知 ########## 
2015-9-18 05:18:21.062, data, MQName_,RMQ3, : ########## 負荷検知 ########## 
2015-9-18 05:18:21.065, data, MQName_,RMQ3, : ########## 負荷検知 ########## 
2015-9-18 05:18:21.068, data, MQName_,RMQ3, : ########## 負荷検知 ########## 
2015-9-18 05:18:21.069, data, MQName_,RMQ3, : ########## 負荷検知 ########## 
2015-9-18 05:18:21.071, data, MQName_,RMQ3, : ########## 負荷検知 ########## 
2015-9-18 05:18:21.073, data, MQName_,RMQ3, : ########## 負荷検知 ########## 
2015-9-18 05:18:21.085, data, MQName_,RMQ3, : ########## 負荷検知 ########## 
2015-9-18 05:18:21.087, data, MQName_,RMQ3, : ########## 負荷検知 ########## 
2015-9-18 05:18:21.089, data, MQName_,RMQ3, : ########## 負荷検知 ########## 
2015-9-18 05:18:21.091, data, MQName_,RMQ3, : ########## 負荷検知 ########## 
2015-9-18 05:18:21.093, data, MQName_,RMQ3, : ########## 負荷検知 ########## 
2015-9-18 05:18:21.095, data, MQName_,RMQ3, : ########## 負荷検知 ########## 
2015-9-18 05:18:21.097, data, MQName_,RMQ3, : ########## 負荷検知 ########## 
2015-9-18 05:18:21.099, data, MQName_,RMQ3, : ########## 負荷検知 ########## 
2015-9-18 05:18:21.101, data, MQName_,RMQ3, : ########## 負荷検知 ########## 
2015-9-18 05:18:21.103, data, MQName_,RMQ3, : ########## 負荷検知 ########## 
2015-9-18 05:18:21.104, data, MQName_,RMQ3, : ########## 負荷検知 ########## 
2015-9-18 05:18:21.106, data, MQName_,RMQ3, : ########## 負荷検知 ########## 
2015-9-18 05:18:21.108, data, MQName_,RMQ3, : ########## 負荷検知 ########## 
2015-9-18 05:18:21.110, data, MQName_,RMQ3, : ########## 負荷検知 ########## 
2015-9-18 05:18:21.112, data, MQName_,RMQ3, : ########## 負荷検知 ########## 
2015-9-18 05:18:21.114, data, MQName_,RMQ3, : ########## 負荷検知 ########## 
2015-9-18 05:18:21.116, data, MQName_,RMQ3, : ########## 負荷検知 ########## 
2015-9-18 05:18:21.117, data, MQName_,RMQ3, : ########## 負荷検知 ########## 
2015-9-18 05:18:21.120, data, MQName_,RMQ3, : ########## 負荷検知 ########## 
2015-9-18 05:18:21.121, data, MQName_,RMQ3, : ########## 負荷検知 ########## 
2015-9-18 05:18:21.123, data, MQName_,RMQ3, : ########## 負荷検知 ########## 
2015-9-18 05:18:21.127, data, MQName_,RMQ3, : ########## 負荷検知 ########## 
2015-9-18 05:18:21.129, data, MQName_,RMQ3, : ########## 負荷検知 ########## 
2015-9-18 05:18:21.131, data, MQName_,RMQ3, : ########## 負荷検知 ########## 
2015-9-18 05:18:21.133, data, MQName_,RMQ3, : ########## 負荷検知 ########## 
2015-9-18 05:18:21.134, data, MQName_,RMQ3, : ########## 負荷検知 ########## 
2015-9-18 05:18:21.136, data, MQName_,RMQ3, : ########## 負荷検知 ########## 
2015-9-18 05:18:21.137, data, MQName_,RMQ3, : ########## 負荷検知 ########## 
2015-9-18 05:18:21.139, data, MQName_,RMQ3, : ########## 負荷検知 ########## 
2015-9-18 05:18:21.140, data, MQName_,RMQ3, : ########## 負荷検知 ########## 
2015-9-18 05:18:21.141, data, MQName_,RMQ4, : ########## 負荷検知 ########## 
2015-9-18 05:18:21.165, data, MQName_,RMQ4, : ########## 負荷検知 ########## 
2015-9-18 05:18:21.190, data, MQName_,RMQ4, : ########## 負荷検知 ########## 
2015-9-18 05:18:21.206, data, MQName_,RMQ9, : ########## 負荷検知 ########## 
2015-9-18 05:18:21.215, data, MQName_,RMQ4, : ########## 負荷検知 ########## 
2015-9-18 05:18:22.020, data, MQName_,RMQ5, : ########## 負荷検知 ########## 
2015-9-18 05:18:22.051, data, MQName_,RMQ4, : ########## 負荷検知 ########## 
2015-9-18 05:18:22.056, data, MQName_,RMQ4, : ########## 負荷検知 ########## 
2015-9-18 05:18:22.058, data, MQName_,RMQ4, : ########## 負荷検知 ########## 
2015-9-18 05:18:22.060, data, MQName_,RMQ4, : ########## 負荷検知 ########## 
2015-9-18 05:18:22.061, data, MQName_,RMQ4, : ########## 負荷検知 ########## 
2015-9-18 05:18:22.064, data, MQName_,RMQ4, : ########## 負荷検知 ########## 
2015-9-18 05:18:22.067, data, MQName_,RMQ4, : ########## 負荷検知 ########## 
2015-9-18 05:18:22.069, data, MQName_,RMQ4, : ########## 負荷検知 ########## 
2015-9-18 05:18:22.071, data, MQName_,RMQ4, : ########## 負荷検知 ########## 
2015-9-18 05:18:22.073, data, MQName_,RMQ4, : ########## 負荷検知 ########## 
2015-9-18 05:18:22.075, data, MQName_,RMQ4, : ########## 負荷検知 ########## 
2015-9-18 05:18:22.077, data, MQName_,RMQ4, : ########## 負荷検知 ########## 
2015-9-18 05:18:22.079, data, MQName_,RMQ4, : ########## 負荷検知 ########## 
2015-9-18 05:18:22.081, data, MQName_,RMQ4, : ########## 負荷検知 ########## 
2015-9-18 05:18:22.082, data, MQName_,RMQ4, : ########## 負荷検知 ########## 
2015-9-18 05:18:22.084, data, MQName_,RMQ4, : ########## 負荷検知 ########## 
2015-9-18 05:18:22.086, data, MQName_,RMQ4, : ########## 負荷検知 ########## 
2015-9-18 05:18:22.088, data, MQName_,RMQ4, : ########## 負荷検知 ########## 
2015-9-18 05:18:22.089, data, MQName_,RMQ4, : ########## 負荷検知 ########## 
2015-9-18 05:18:22.091, data, MQName_,RMQ4, : ########## 負荷検知 ########## 
2015-9-18 05:18:22.093, data, MQName_,RMQ4, : ########## 負荷検知 ########## 
2015-9-18 05:18:22.095, data, MQName_,RMQ4, : ########## 負荷検知 ########## 
2015-9-18 05:18:22.097, data, MQName_,RMQ4, : ########## 負荷検知 ########## 
2015-9-18 05:18:22.099, data, MQName_,RMQ4, : ########## 負荷検知 ########## 
2015-9-18 05:18:22.100, data, MQName_,RMQ4, : ########## 負荷検知 ########## 
2015-9-18 05:18:22.102, data, MQName_,RMQ4, : ########## 負荷検知 ########## 
2015-9-18 05:18:22.104, data, MQName_,RMQ4, : ########## 負荷検知 ########## 
2015-9-18 05:18:22.105, data, MQName_,RMQ4, : ########## 負荷検知 ########## 
2015-9-18 05:18:22.107, data, MQName_,RMQ4, : ########## 負荷検知 ########## 
2015-9-18 05:18:22.109, data, MQName_,RMQ4, : ########## 負荷検知 ########## 
2015-9-18 05:18:22.110, data, MQName_,RMQ4, : ########## 負荷検知 ########## 
2015-9-18 05:18:22.111, data, MQName_,RMQ4, : ########## 負荷検知 ########## 
2015-9-18 05:18:22.112, data, MQName_,RMQ4, : ########## 負荷検知 ########## 
2015-9-18 05:18:22.113, data, MQName_,RMQ4, : ########## 負荷検知 ########## 
2015-9-18 05:18:22.114, data, MQName_,RMQ4, : ########## 負荷検知 ########## 
2015-9-18 05:18:22.115, data, MQName_,RMQ4, : ########## 負荷検知 ########## 
2015-9-18 05:18:22.116, data, MQName_,RMQ4, : ########## 負荷検知 ########## 
2015-9-18 05:18:22.118, data, MQName_,RMQ4, : ########## 負荷検知 ########## 
2015-9-18 05:18:22.119, data, MQName_,RMQ4, : ########## 負荷検知 ########## 
2015-9-18 05:18:22.120, data, MQName_,RMQ4, : ########## 負荷検知 ########## 
2015-9-18 05:18:22.122, data, MQName_,RMQ4, : ########## 負荷検知 ########## 
2015-9-18 05:18:22.164, data, MQName_,RMQ4, : ########## 負荷検知 ########## 
2015-9-18 05:18:22.182, data, MQName_,RMQ4, : ########## 負荷検知 ########## 
2015-9-18 05:18:22.204, data, MQName_,RMQ4, : ########## 負荷検知 ########## 
2015-9-18 05:18:22.225, data, MQName_,RMQ3, : ########## 負荷検知 ########## 
2015-9-18 05:18:23.015, data, MQName_,RMQ4, : ########## 負荷検知 ########## 
2015-9-18 05:18:23.034, data, MQName_,RMQ4, : ########## 負荷検知 ########## 
2015-9-18 05:18:23.045, data, MQName_,RMQ4, : ########## 負荷検知 ########## 
2015-9-18 05:18:23.119, data, MQName_,RMQ3, : ########## 負荷検知 ########## 
2015-9-18 05:18:23.133, data, MQName_,RMQ3, : ########## 負荷検知 ########## 
2015-9-18 05:18:23.133, data, MQName_,RMQ3, : ########## 負荷検知 ########## 
2015-9-18 05:18:23.134, data, MQName_,RMQ3, : ########## 負荷検知 ########## 
2015-9-18 05:18:23.135, data, MQName_,RMQ3, : ########## 負荷検知 ########## 
2015-9-18 05:18:23.136, data, MQName_,RMQ3, : ########## 負荷検知 ########## 
2015-9-18 05:18:23.136, data, MQName_,RMQ3, : ########## 負荷検知 ########## 
2015-9-18 05:18:23.137, data, MQName_,RMQ3, : ########## 負荷検知 ########## 
2015-9-18 05:18:23.138, data, MQName_,RMQ3, : ########## 負荷検知 ########## 
2015-9-18 05:18:23.139, data, MQName_,RMQ3, : ########## 負荷検知 ########## 
2015-9-18 05:18:23.139, data, MQName_,RMQ3, : ########## 負荷検知 ########## 
2015-9-18 05:18:23.152, data, MQName_,RMQ4, : ########## 負荷検知 ########## 
2015-9-18 05:18:23.156, data, MQName_,RMQ2, : ########## 負荷検知 ########## 
2015-9-18 05:18:23.170, data, MQName_,RMQ2, : ########## 負荷検知 ########## 
2015-9-18 05:18:23.182, data, MQName_,RMQ8, : ########## 負荷検知 ########## 
2015-9-18 05:18:23.202, data, MQName_,RMQ8, : ########## 負荷検知 ########## 
2015-9-18 05:18:23.207, data, MQName_,RMQ7, : ########## 負荷検知 ########## 
2015-9-18 05:18:24.014, data, MQName_,RMQ9, : ########## 負荷検知 ########## 
2015-9-18 05:18:24.034, data, MQName_,RMQ2, : ########## 負荷検知 ########## 
2015-9-18 05:18:24.052, data, MQName_,RMQ2, : ########## 負荷検知 ########## 
2015-9-18 05:18:24.054, data, MQName_,RMQ2, : ########## 負荷検知 ########## 
2015-9-18 05:18:24.055, data, MQName_,RMQ2, : ########## 負荷検知 ########## 
2015-9-18 05:18:24.057, data, MQName_,RMQ2, : ########## 負荷検知 ########## 
2015-9-18 05:18:24.058, data, MQName_,RMQ2, : ########## 負荷検知 ########## 
2015-9-18 05:18:24.060, data, MQName_,RMQ2, : ########## 負荷検知 ########## 
2015-9-18 05:18:24.061, data, MQName_,RMQ2, : ########## 負荷検知 ########## 
2015-9-18 05:18:24.063, data, MQName_,RMQ0, : ########## 負荷検知 ########## 
2015-9-18 05:18:24.065, data, MQName_,RMQ0, : ########## 負荷検知 ########## 
2015-9-18 05:18:24.067, data, MQName_,RMQ0, : ########## 負荷検知 ########## 
2015-9-18 05:18:24.069, data, MQName_,RMQ0, : ########## 負荷検知 ########## 
2015-9-18 05:18:24.070, data, MQName_,RMQ0, : ########## 負荷検知 ########## 
2015-9-18 05:18:24.072, data, MQName_,RMQ0, : ########## 負荷検知 ########## 
2015-9-18 05:18:24.074, data, MQName_,RMQ0, : ########## 負荷検知 ########## 
2015-9-18 05:18:24.078, data, MQName_,RMQ0, : ########## 負荷検知 ########## 
2015-9-18 05:18:24.114, data, MQName_,RMQ0, : ########## 負荷検知 ########## 
2015-9-18 05:18:24.136, data, MQName_,RMQ0, : ########## 負荷検知 ########## 
2015-9-18 05:18:24.137, data, MQName_,RMQ0, : ########## 負荷検知 ########## 
2015-9-18 05:18:24.139, data, MQName_,RMQ0, : ########## 負荷検知 ########## 
2015-9-18 05:18:24.141, data, MQName_,RMQ0, : ########## 負荷検知 ########## 
2015-9-18 05:18:24.142, data, MQName_,RMQ0, : ########## 負荷検知 ########## 
2015-9-18 05:18:24.144, data, MQName_,RMQ0, : ########## 負荷検知 ########## 
2015-9-18 05:18:24.145, data, MQName_,RMQ0, : ########## 負荷検知 ########## 
2015-9-18 05:18:24.161, data, MQName_,RMQ0, : ########## 負荷検知 ########## 
2015-9-18 05:18:24.183, data, MQName_,RMQ0, : ########## 負荷検知 ########## 
2015-9-18 05:18:24.192, data, MQName_,RMQ1, : ########## 負荷検知 ########## 
2015-9-18 05:18:24.198, data, MQName_,RMQ3, : ########## 負荷検知 ########## 
2015-9-18 05:18:24.229, data, MQName_,RMQ1, : ########## 負荷検知 ########## 
2015-9-18 05:18:24.252, stop, Stop Agent System
2015-9-18 05:18:24.253, init, <ALL> TransactionTime:_62032 [ms]
2015-9-18 05:18:24.255, end, (<Initialize> _43 [ms] <CreateAgent> _1742 [ms] <MainExec> _60247[ms])
